"","Y","D","X1","X2","X3","X4","X5","X6","X7","X8","X9"
"1",1015,0,36,28452,16,1,0,0,0,0,1
"2",27800,0,34,34680,16,1,0,0,0,1,1
"3",1900,0,32,37260,18,3,1,0,0,0,1
"4",0,0,38,30600,18,1,1,0,0,0,0
"5",-4700,0,32,33414,13,4,1,1,0,0,0
"6",0,0,53,30000,12,3,1,0,0,0,1
"7",2000,0,64,26826,12,1,0,0,0,0,1
"8",0,0,62,33228,12,2,1,1,0,0,0
"9",-4700,0,37,28134,13,3,1,0,0,0,0
"10",400,0,25,26535,14,2,1,0,0,0,0
"11",5000,0,41,31635,13,2,0,0,0,0,1
"12",700,0,37,27072,9,5,1,1,0,0,0
"13",3550,0,57,34410,15,3,1,1,0,0,1
"14",-3600,0,30,27624,12,1,0,0,1,0,1
"15",-6994,0,45,35565,12,3,0,0,0,0,0
"16",20700,0,38,33576,10,4,1,0,0,0,1
"17",3000,0,53,30780,8,4,1,1,1,0,1
"18",-5000,0,25,27480,12,3,1,1,0,0,1
"19",-3250,0,27,29766,14,2,1,0,0,0,1
"20",-1600,0,28,29922,11,6,1,1,0,0,1
"21",2700,0,44,32460,14,2,1,0,1,0,1
"22",-635,0,29,36213,9,6,1,1,0,0,0
"23",-2100,0,29,31569,17,4,1,0,0,0,1
"24",15100,0,33,33885,16,2,1,1,0,0,1
"25",4500,0,33,30075,6,3,1,1,0,0,1
"26",-10525,0,30,35058,16,2,1,1,0,0,0
"27",17075,0,35,30300,18,2,0,0,0,0,1
"28",2010,0,48,29238,10,4,1,0,0,0,1
"29",1600,0,36,31869,16,1,0,0,0,1,0
"30",1500,0,32,34455,13,3,1,1,0,1,1
"31",-21070,0,27,33453,16,3,1,1,1,0,1
"32",-3900,0,31,27150,12,3,0,0,0,0,0
"33",-595,0,31,31536,12,4,1,1,1,0,1
"34",-15565,0,35,28782,13,5,1,1,0,0,1
"35",1500,0,42,36666,18,3,1,1,0,0,1
"36",-10491,0,36,36267,15,4,1,1,0,0,1
"37",209,0,30,33420,12,4,1,1,0,0,0
"38",25699,0,52,30870,13,3,1,1,0,0,1
"39",100,0,35,28998,12,3,0,0,1,0,0
"40",49,0,48,26958,13,3,1,0,0,0,0
"41",-2854,0,54,28059,16,5,1,1,0,1,0
"42",-11635,0,37,34803,11,5,1,1,0,0,1
"43",67600,0,44,34755,1,4,1,0,0,0,1
"44",500,0,38,28050,12,4,1,0,0,0,1
"45",0,0,31,28080,12,3,1,1,0,0,1
"46",12192,0,27,31830,15,3,1,1,0,1,1
"47",-2100,0,38,31896,15,5,1,1,1,0,1
"48",28000,0,41,31254,18,1,0,0,1,0,1
"49",-6600,0,43,31800,12,3,0,0,1,0,1
"50",0,0,51,36450,12,3,1,0,0,0,1
"51",734,0,53,31386,12,3,1,0,0,0,1
"52",-3300,0,58,27639,10,2,1,0,0,0,1
"53",360,0,26,30720,16,1,0,0,0,0,1
"54",749,0,53,34185,12,1,0,0,1,0,1
"55",-16000,0,54,27858,6,4,1,0,0,0,1
"56",37316,0,38,27813,11,3,1,1,0,1,1
"57",-2200,0,32,36150,12,4,1,1,0,0,1
"58",-9001,0,25,33729,18,1,0,0,0,0,0
"59",0,0,54,27240,16,5,0,0,1,0,0
"60",250,0,56,35742,12,3,1,0,0,0,1
"61",3660,0,63,28272,8,4,1,0,0,0,1
"62",130,0,42,27000,13,1,0,0,1,0,1
"63",8000,0,45,36495,12,3,0,0,1,0,0
"64",4000,0,31,27708,13,3,1,0,0,1,0
"65",-334,0,43,34299,18,2,0,0,0,0,1
"66",-2650,0,38,29481,14,5,1,1,0,0,1
"67",-1200,0,25,28830,13,1,0,0,0,0,0
"68",-3690,0,43,37146,18,2,0,0,1,0,1
"69",42800,0,53,32559,12,3,1,1,0,1,1
"70",21550,0,61,28926,16,5,1,1,0,1,1
"71",-250,0,41,31800,12,1,0,0,1,0,0
"72",8550,0,59,31350,12,1,0,0,0,1,0
"73",-5100,0,31,33513,11,7,1,1,0,0,0
"74",4249,0,26,35325,12,2,0,0,0,0,1
"75",-8388,0,28,28530,12,3,1,1,0,1,1
"76",1200,0,27,30162,8,5,1,0,0,0,0
"77",26200,0,59,28284,12,2,1,0,0,0,1
"78",-8500,0,31,30315,13,4,1,0,0,0,1
"79",300,0,42,35700,12,2,0,0,0,0,0
"80",16699,0,26,29700,16,1,1,0,1,0,0
"81",-300,0,39,33078,16,1,0,0,0,0,0
"82",1100,0,60,30639,13,3,1,0,1,0,1
"83",82200,0,25,28209,16,1,0,0,0,1,0
"84",-3300,0,31,28146,12,5,1,0,0,0,1
"85",5649,0,45,35580,12,3,1,1,0,1,1
"86",20000,0,32,28980,16,1,0,0,0,0,0
"87",28057,0,39,36522,14,2,1,1,0,1,1
"88",5500,0,39,29265,10,3,1,1,1,0,1
"89",0,0,32,36000,18,5,1,0,0,0,0
"90",23700,0,39,32100,16,1,0,0,1,1,1
"91",-6501,0,47,33780,13,5,1,1,0,0,1
"92",1200,0,32,29700,12,3,0,0,0,0,1
"93",-2900,0,51,35487,16,1,0,0,1,0,1
"94",-12900,0,34,29250,18,1,0,0,0,0,1
"95",0,0,40,27840,12,2,0,0,0,0,0
"96",-1334,0,31,36153,14,5,1,0,0,0,1
"97",-800,0,27,28965,12,5,1,1,0,0,1
"98",10399,0,40,29622,12,2,0,0,1,1,1
"99",3600,0,31,31800,16,4,1,0,0,0,1
"100",300,0,27,32040,12,4,1,1,0,0,0
"101",-1340,0,37,26553,12,2,0,0,1,0,1
"102",700,0,27,28845,12,2,0,0,0,0,0
"103",0,0,46,28800,12,2,0,0,1,0,1
"104",9500,0,55,30954,12,2,1,1,0,1,1
"105",305,0,32,28122,12,4,0,0,0,0,1
"106",13199,0,53,34191,12,4,1,0,0,1,1
"107",30799,0,53,35340,12,3,1,0,0,0,1
"108",3000,0,63,34764,10,2,1,1,0,0,0
"109",4449,0,33,30963,12,5,1,0,0,0,1
"110",7200,0,46,35610,18,2,1,0,0,0,1
"111",-17100,0,35,26550,12,2,0,0,1,0,1
"112",25049,0,37,32442,16,1,0,0,1,1,1
"113",31649,0,40,36060,13,1,1,0,0,1,1
"114",0,0,31,34500,12,1,0,0,0,0,0
"115",275,0,26,28035,12,3,0,0,0,0,0
"116",-12918,0,29,30249,12,3,1,1,0,0,1
"117",-5750,0,57,35418,13,5,1,0,0,0,1
"118",-8676,0,40,37062,18,6,1,1,1,0,1
"119",52615,0,31,34818,17,4,1,0,0,1,1
"120",4245,0,36,29160,17,3,0,0,1,0,1
"121",78599,0,62,29694,12,2,1,0,0,1,1
"122",1000,0,31,31338,13,4,1,1,0,0,1
"123",14700,0,46,35709,17,2,1,0,0,1,1
"124",-4900,0,39,30780,12,4,0,0,0,0,1
"125",1200,0,41,33600,18,5,1,1,1,0,1
"126",-10946,0,64,33651,12,1,0,0,1,0,1
"127",64,0,29,37245,13,4,1,1,0,0,1
"128",-768,0,33,27486,10,4,1,0,0,0,1
"129",3338,0,34,27876,14,5,1,0,0,1,1
"130",-2850,0,27,30015,16,1,0,0,0,0,0
"131",-2900,0,30,31875,12,1,0,0,0,0,0
"132",1000,0,32,27570,13,3,1,0,0,0,0
"133",1950,0,46,34608,18,3,1,1,0,1,1
"134",21300,0,45,33822,14,3,0,0,0,1,1
"135",-8750,0,34,28032,12,1,0,0,0,0,0
"136",1149,0,34,29850,16,2,1,0,0,0,0
"137",-400,0,48,27156,12,2,0,0,0,0,1
"138",2750,0,29,33630,1,4,1,1,1,0,1
"139",1140,0,36,34488,11,5,1,1,0,0,1
"140",3500,0,55,33681,12,5,1,1,1,1,1
"141",39574,0,60,30780,13,5,1,1,0,1,1
"142",-5177,0,45,26700,12,2,0,0,1,0,0
"143",-6395,0,25,27918,16,1,0,0,0,0,0
"144",-4900,0,42,34785,12,4,1,0,0,0,0
"145",-801,0,32,34938,14,4,1,0,0,0,0
"146",11999,0,46,26964,12,1,0,0,1,0,0
"147",-1800,0,28,27030,16,1,0,0,0,0,0
"148",-2650,0,45,31674,14,1,0,0,0,0,0
"149",-1400,0,35,30000,12,6,1,1,0,0,0
"150",300,0,27,36393,12,3,1,0,0,0,0
"151",14098,0,50,32232,18,1,0,0,1,0,1
"152",-1335,0,28,31800,12,4,1,0,0,0,0
"153",-2600,0,50,27330,14,4,1,1,0,0,0
"154",-2280,0,42,35280,12,3,1,1,0,0,1
"155",-545,0,56,32436,8,2,1,0,0,0,1
"156",4000,0,44,36720,12,4,0,0,1,0,1
"157",10100,0,26,30342,15,1,0,0,0,1,0
"158",-4900,0,29,36873,12,2,1,1,1,0,1
"159",1035,0,46,30600,13,3,0,0,0,0,1
"160",60400,0,64,31254,12,4,0,0,1,1,1
"161",-7955,0,34,33954,14,5,1,1,0,0,1
"162",9875,0,47,27006,14,2,0,0,0,1,1
"163",-1235,0,43,36510,15,7,1,1,0,0,1
"164",15000,0,40,28650,12,4,1,1,0,1,1
"165",350,0,25,28059,14,1,0,0,1,0,0
"166",0,0,37,31830,12,5,1,1,0,0,1
"167",3100,0,27,28860,16,2,0,0,0,0,0
"168",5000,0,27,29676,14,1,0,0,1,0,1
"169",-9500,0,32,28890,16,5,1,0,0,0,1
"170",0,0,35,26700,12,3,1,1,0,0,0
"171",15300,0,29,34620,16,4,1,0,0,0,1
"172",-150,0,37,34101,18,1,0,0,1,0,0
"173",-1900,0,25,31956,13,1,0,0,0,0,0
"174",-1900,0,50,31278,12,5,1,0,0,0,1
"175",42400,0,57,33777,12,3,1,0,0,1,1
"176",18449,0,44,29526,12,4,0,0,0,1,1
"177",-2500,0,36,34986,11,6,1,1,0,0,0
"178",59225,0,55,36300,14,1,0,0,0,1,0
"179",200,0,33,37146,14,4,1,1,0,0,1
"180",-400,0,34,28050,12,1,0,0,0,0,0
"181",17315,0,29,34773,16,4,1,0,0,1,0
"182",-2050,0,27,35310,14,2,1,1,1,0,0
"183",47280,0,41,35166,12,1,0,0,1,0,1
"184",-1200,0,34,36225,12,4,1,0,0,0,1
"185",-2700,0,28,33984,12,1,0,0,0,0,0
"186",-1600,0,45,33840,12,1,0,0,0,0,0
"187",24100,0,61,28500,13,2,1,1,0,1,1
"188",840,0,50,27561,12,4,1,1,0,0,1
"189",-10400,0,32,36012,12,8,1,0,0,0,1
"190",850,0,41,27045,15,1,0,0,0,0,0
"191",1500,0,54,30000,14,1,0,0,0,1,0
"192",-5320,0,37,35109,12,4,1,1,1,0,1
"193",90531,0,64,35730,12,2,1,0,0,1,1
"194",2499,0,31,36771,14,1,0,0,0,0,0
"195",-101,0,29,29424,18,2,1,1,1,0,0
"196",144749,0,61,34737,12,2,1,0,0,0,1
"197",16749,0,51,35031,12,1,0,0,1,1,1
"198",18600,0,33,31440,16,2,1,1,0,1,1
"199",318,0,42,36840,16,4,1,1,0,0,0
"200",-8252,0,47,30663,17,2,0,0,0,0,1
"201",-1494,0,30,29478,13,5,1,1,0,0,0
"202",8499,0,34,35118,15,7,1,0,0,1,1
"203",2100,0,47,36210,12,3,1,1,0,0,1
"204",1000,0,35,27792,14,5,1,1,1,0,0
"205",-2422,0,50,30636,12,2,0,0,0,0,1
"206",150,0,38,35805,15,4,0,0,0,0,0
"207",-6551,0,59,33051,10,3,1,1,0,0,1
"208",900,0,30,33210,12,1,0,0,1,0,1
"209",16,0,37,35739,17,2,1,1,1,0,1
"210",300,0,52,32388,12,2,1,0,0,0,1
"211",-6298,0,56,29856,12,1,0,0,1,0,1
"212",-1100,0,36,29100,16,4,1,0,0,0,1
"213",300,0,43,27840,16,3,0,0,0,0,1
"214",550,0,32,36945,14,4,1,0,0,0,0
"215",-4815,0,36,29976,12,3,1,0,0,0,1
"216",2900,0,29,29670,16,3,1,1,1,0,0
"217",0,0,32,34680,14,3,1,1,0,0,0
"218",-1950,0,51,32526,12,3,1,1,1,0,1
"219",7210,0,32,34452,13,3,1,1,0,0,1
"220",1098,0,48,28296,15,2,1,0,1,0,1
"221",34999,0,55,35169,14,2,1,1,0,1,1
"222",14100,0,49,30300,16,3,0,0,0,1,1
"223",19,0,45,27033,12,4,1,0,1,0,1
"224",0,0,45,31968,18,1,0,0,0,0,1
"225",1680,0,38,32928,16,2,0,0,1,0,0
"226",-4100,0,26,28080,14,4,1,1,0,0,1
"227",-1701,0,39,33300,12,4,1,1,0,0,1
"228",-11425,0,27,28809,14,3,1,0,0,0,0
"229",500,0,40,35670,6,8,1,0,0,0,1
"230",11535,0,64,26733,13,2,1,0,0,0,0
"231",5583,0,43,29280,12,4,1,0,0,0,0
"232",14400,0,51,29820,12,2,1,0,1,0,1
"233",20283,0,63,27540,12,2,1,0,0,0,1
"234",-3670,0,41,31221,18,2,0,0,0,0,0
"235",-4240,0,38,33855,12,4,1,1,1,0,0
"236",4232,0,47,30075,12,3,1,0,0,1,1
"237",-7290,0,32,34263,12,3,1,1,0,0,0
"238",-425,0,32,27888,6,6,1,1,0,0,0
"239",-4100,0,31,29025,13,1,0,0,0,0,0
"240",2500,0,32,28629,15,1,0,0,0,0,0
"241",-1450,0,38,30396,12,3,0,0,0,0,1
"242",11100,0,29,28440,13,1,0,0,0,0,0
"243",-7001,0,36,29220,14,4,1,0,0,0,0
"244",450,0,30,32430,12,4,1,0,0,0,1
"245",87449,0,52,32628,16,1,0,0,0,1,0
"246",11100,0,34,28380,12,4,1,1,0,0,1
"247",-9700,0,34,26985,13,2,0,0,1,0,1
"248",27960,0,53,29400,12,2,1,0,0,1,1
"249",-93000,0,59,27174,14,3,1,1,0,0,1
"250",-2550,0,46,36369,13,3,1,0,0,0,0
"251",15349,0,47,30435,8,7,1,0,0,0,1
"252",-3050,0,42,29076,12,3,1,1,0,0,1
"253",-600,0,42,36075,12,5,1,1,0,0,1
"254",100,0,45,34731,12,3,1,0,0,0,1
"255",-23,0,42,27696,12,2,1,0,0,0,1
"256",-5000,0,36,28527,15,3,1,1,0,0,1
"257",13500,0,56,29301,16,2,0,0,1,0,1
"258",6,0,37,29868,11,3,1,1,0,0,0
"259",12300,0,33,36894,16,4,1,0,0,0,1
"260",-3980,0,36,30480,16,1,0,0,0,1,1
"261",455,0,52,33291,16,3,1,1,1,1,0
"262",0,0,54,27732,11,2,1,0,1,0,1
"263",-2342,0,25,30957,14,2,1,1,0,0,0
"264",9499,0,29,36300,16,1,0,0,0,0,0
"265",-5490,0,42,30000,18,3,0,0,1,0,0
"266",-4980,0,38,33360,12,5,1,1,0,0,1
"267",28649,0,60,28875,12,3,0,0,0,0,1
"268",6899,0,26,28830,12,1,0,0,1,1,0
"269",3000,0,43,32850,12,4,1,1,0,0,0
"270",-3060,0,25,36000,11,4,1,0,0,0,1
"271",2800,0,34,29106,16,4,1,1,0,1,1
"272",-1305,0,33,32010,13,4,1,1,0,0,1
"273",24300,0,51,35847,12,1,0,0,1,1,1
"274",3199,0,42,26985,14,4,1,1,0,0,1
"275",-12797,0,41,35520,12,3,1,1,0,0,1
"276",1849,0,42,33138,14,1,0,0,1,0,0
"277",231759,0,57,27696,13,1,0,0,1,1,0
"278",2500,0,37,30540,14,3,1,1,0,0,1
"279",6000,0,28,29880,12,3,1,1,0,0,1
"280",5,0,44,27720,13,5,1,1,0,0,0
"281",3200,0,48,31830,14,1,0,0,0,0,1
"282",-1945,0,29,26865,12,4,1,1,0,0,1
"283",0,0,38,31500,13,3,0,0,0,0,1
"284",-1200,0,41,27375,12,4,1,1,0,0,1
"285",100,0,41,28035,12,3,1,1,0,0,1
"286",-9300,0,41,32646,12,2,0,0,0,0,1
"287",150,0,37,29946,18,4,1,0,0,0,1
"288",200,0,38,28143,12,4,1,1,0,0,1
"289",-3350,0,36,28800,18,1,0,0,0,0,0
"290",20299,0,55,31098,13,1,0,0,0,0,1
"291",169199,0,59,30000,12,2,1,0,0,1,1
"292",5509,0,27,36675,12,3,1,1,1,0,1
"293",5092,0,29,36744,12,1,0,0,0,1,1
"294",4199,0,29,31350,13,2,1,1,0,1,1
"295",20348,0,45,27786,12,3,1,1,0,0,1
"296",4498,0,32,28599,12,1,0,0,0,0,1
"297",-12400,0,37,33000,12,2,0,0,1,0,1
"298",1999,0,30,28356,12,4,1,0,0,0,0
"299",-1600,0,29,33381,12,1,0,0,0,0,0
"300",-2645,0,48,34437,13,3,1,0,0,0,1
"301",26000,0,64,28908,18,1,0,0,0,1,1
"302",-9840,0,28,31440,12,4,1,1,0,0,1
"303",-3200,0,32,30630,10,4,1,1,0,0,0
"304",-451,0,45,35340,12,3,0,0,1,0,1
"305",5000,0,35,37167,16,2,1,0,1,0,0
"306",4250,0,26,30255,18,1,0,0,0,1,0
"307",-3000,0,25,33750,16,1,0,0,0,0,0
"308",208842,0,37,32628,16,3,1,1,0,1,1
"309",-980,0,56,29529,12,4,1,0,0,0,0
"310",11140,0,32,35331,15,1,0,0,1,0,1
"311",999,0,31,27600,12,4,1,0,0,0,1
"312",-900,0,34,36993,16,1,0,0,0,1,0
"313",-10250,0,49,29898,12,5,1,1,0,0,0
"314",-8300,0,36,26772,15,1,0,0,0,0,1
"315",7600,0,58,33219,12,4,1,0,0,0,1
"316",999,0,59,33084,12,2,1,0,0,0,1
"317",47199,0,55,34248,17,2,0,0,1,0,1
"318",1700,0,42,29475,18,5,0,0,0,0,1
"319",5217,0,32,33804,12,5,1,0,0,1,1
"320",22998,0,54,31587,10,2,1,0,0,0,1
"321",0,0,35,33843,10,2,0,0,1,0,0
"322",9000,0,40,32676,18,3,0,0,1,0,1
"323",18200,0,53,34920,12,2,1,0,0,0,1
"324",-2051,0,35,33759,13,3,1,1,0,0,1
"325",2600,0,61,34680,16,1,0,0,0,1,0
"326",409,0,34,27345,10,5,1,0,0,0,1
"327",449,0,35,32022,14,3,1,0,0,0,0
"328",-9100,0,30,29364,18,1,0,0,0,0,0
"329",1208,0,46,34131,15,7,1,1,0,0,1
"330",-1500,0,28,33849,13,1,0,0,0,0,0
"331",4999,0,35,34647,15,1,0,0,0,0,0
"332",0,0,25,27120,12,4,1,0,0,0,1
"333",13409,0,35,35283,12,5,1,0,0,0,1
"334",3446,0,47,30720,15,2,0,0,0,0,0
"335",22000,0,41,35061,12,3,1,1,0,0,0
"336",920,0,45,30240,14,3,0,0,0,0,1
"337",1600,0,40,34680,15,5,1,1,0,0,1
"338",-900,0,30,27930,6,3,1,1,0,0,0
"339",-540,0,31,27036,12,4,1,0,0,0,1
"340",1770,0,27,29661,16,1,0,0,0,1,0
"341",-3000,0,58,36975,12,4,1,1,0,0,0
"342",-8000,0,39,36984,18,1,0,0,1,1,1
"343",-500,0,32,30669,13,1,0,0,0,1,0
"344",40450,0,31,33948,16,1,0,0,1,1,0
"345",6325,0,35,32265,12,4,1,1,0,0,1
"346",199,0,42,32130,17,4,1,1,1,0,1
"347",20949,0,26,27975,12,3,1,0,0,0,1
"348",-6355,0,25,35700,16,1,0,0,0,0,0
"349",-1500,0,42,28800,12,4,1,0,0,0,1
"350",-2400,0,39,26925,12,5,1,0,0,0,0
"351",9300,0,28,36300,16,1,0,0,0,0,0
"352",500,0,46,36120,14,1,0,0,0,1,1
"353",0,0,29,29355,12,5,1,1,0,0,0
"354",17396,0,61,33090,12,2,1,0,0,1,1
"355",154,0,25,28728,9,4,1,1,0,0,0
"356",10999,0,25,36600,16,1,0,0,0,0,0
"357",-5500,0,28,27546,16,1,0,0,0,0,0
"358",652,0,31,32295,13,4,1,1,0,0,1
"359",5100,0,30,29616,16,3,1,1,0,1,0
"360",86,0,36,32073,12,4,1,1,0,0,0
"361",-9500,0,27,28800,12,1,0,0,0,0,0
"362",99350,0,62,26880,12,3,1,0,0,0,1
"363",199,0,35,33012,14,3,0,0,0,0,0
"364",1000,0,61,35100,12,5,0,0,0,0,0
"365",71000,0,47,35334,12,1,0,0,0,1,1
"366",-1450,0,63,31209,12,5,1,0,0,0,1
"367",-1822,0,30,35550,12,4,1,0,0,0,1
"368",200,0,32,30186,12,2,1,1,0,0,1
"369",300,0,62,26808,17,2,1,0,0,0,1
"370",7360,0,42,30417,16,4,1,1,0,1,1
"371",12599,0,43,33366,12,1,0,0,1,0,1
"372",-14000,0,35,33120,10,4,1,1,0,0,0
"373",3630,0,34,34323,13,2,0,0,0,0,0
"374",-799,0,30,32784,13,2,1,1,0,0,0
"375",349,0,39,35295,14,3,0,0,0,0,1
"376",300,0,42,36468,15,5,0,0,1,0,1
"377",80400,0,42,37200,12,3,1,0,0,0,0
"378",500,0,37,29430,12,1,0,0,0,0,0
"379",-295,0,36,32316,12,5,1,0,0,0,0
"380",800,0,31,28089,12,1,0,0,0,0,0
"381",-12970,0,44,35034,14,4,1,1,0,0,1
"382",-1300,0,37,35700,12,5,1,0,0,0,1
"383",384,0,28,29421,14,2,1,1,0,0,0
"384",500,0,33,30192,16,1,0,0,0,0,1
"385",2899,0,52,35340,11,2,1,1,0,0,1
"386",9055,0,39,34908,12,3,1,1,0,1,0
"387",-750,0,31,31470,13,2,1,1,0,1,1
"388",8750,0,43,32106,12,2,0,0,0,1,1
"389",0,0,27,33864,15,1,0,0,0,0,1
"390",-2200,0,37,28050,13,6,1,0,0,0,0
"391",-929,0,40,30936,13,4,0,0,1,0,1
"392",700,0,34,34800,10,3,1,1,0,0,0
"393",-1500,0,34,30255,14,4,0,0,0,0,0
"394",-17900,0,40,29190,17,5,0,0,0,0,1
"395",-1400,0,52,28344,12,2,0,0,1,0,0
"396",-101,0,56,30165,10,3,1,0,0,0,0
"397",-1100,0,40,35190,12,9,1,1,1,0,0
"398",-1400,0,31,32082,16,1,0,0,0,0,0
"399",300,0,28,33906,18,2,1,0,0,0,0
"400",-1851,0,33,28203,12,4,1,1,0,0,1
"401",-775,0,51,36648,11,3,1,1,0,0,1
"402",0,0,32,26535,14,4,1,0,0,0,0
"403",1200,0,27,30195,12,3,1,1,0,0,0
"404",-9400,0,38,36648,12,4,1,1,0,0,1
"405",450,0,47,33792,17,6,1,0,0,0,1
"406",-134,0,30,29526,14,4,1,0,0,0,0
"407",-5800,0,36,36699,18,3,0,0,1,0,1
"408",10000,0,61,34920,12,2,1,0,0,0,0
"409",59,0,43,30333,14,3,0,0,0,0,1
"410",-2100,0,32,29172,12,5,1,1,0,0,0
"411",1099,0,59,35241,8,2,1,1,0,0,1
"412",-6000,0,49,31944,13,2,0,0,1,0,1
"413",83,0,43,32316,10,4,1,1,1,0,0
"414",3483,0,49,37155,12,5,1,1,0,1,1
"415",0,0,27,31089,13,4,1,1,0,0,0
"416",-11800,0,46,33375,12,3,1,1,0,0,1
"417",-7000,0,42,32220,9,1,0,0,0,0,0
"418",-2400,0,41,30240,14,1,0,0,0,0,1
"419",38010,0,61,26664,12,3,1,0,0,0,1
"420",22850,0,41,26856,12,3,1,1,0,0,1
"421",-6400,0,26,36090,12,2,1,1,0,0,1
"422",-850,0,35,31443,12,4,1,1,0,0,0
"423",635,0,28,31668,12,5,1,1,0,0,0
"424",-1400,0,32,32064,12,1,0,0,0,0,0
"425",-2675,0,29,33075,14,3,1,1,0,0,1
"426",-2320,0,26,35493,12,4,1,1,0,0,0
"427",75299,0,58,33510,12,2,1,0,0,0,1
"428",-14900,0,40,32832,14,1,0,0,0,0,0
"429",2085,0,46,33408,15,1,0,0,1,0,1
"430",-2308,0,40,29700,16,4,1,1,1,0,1
"431",999,0,42,28503,12,2,1,1,0,0,1
"432",2000,0,64,30192,16,2,1,0,0,0,0
"433",91230,0,56,28260,16,1,0,0,0,1,0
"434",4415,0,41,26610,16,4,1,0,0,0,0
"435",-495,0,25,28254,12,3,1,1,0,0,0
"436",-11501,0,46,33726,6,4,1,1,0,0,1
"437",-2275,0,41,34353,17,2,0,0,0,1,1
"438",16700,0,59,27942,12,2,1,0,0,0,1
"439",-4596,0,25,30834,14,3,0,0,0,0,0
"440",1100,0,34,36474,16,1,0,0,1,0,1
"441",0,0,34,29700,6,9,1,1,0,0,0
"442",-3888,0,41,31896,12,5,1,0,0,0,0
"443",-2901,0,46,31857,18,3,1,1,1,0,1
"444",14850,0,39,28980,9,4,1,0,0,0,0
"445",350,0,59,32856,12,2,1,0,0,0,0
"446",16400,0,44,36060,18,4,1,0,0,1,1
"447",1853,0,36,27741,18,1,0,0,1,0,1
"448",42499,0,42,35616,18,1,0,0,0,1,1
"449",-500,0,48,34074,8,5,1,0,0,0,1
"450",249,0,32,32451,4,6,1,1,0,0,0
"451",5399,0,48,30831,12,4,1,1,0,0,1
"452",0,0,29,30633,12,2,0,0,0,0,0
"453",27000,0,58,28476,12,1,0,0,0,1,1
"454",4000,0,36,29160,12,6,1,0,0,0,1
"455",2724,0,51,34302,18,2,0,0,0,1,0
"456",7650,0,37,30996,16,4,1,0,0,0,1
"457",-1900,0,29,26784,13,5,1,1,0,0,1
"458",-300,0,33,33006,15,3,1,1,1,0,1
"459",62899,0,60,33885,7,2,1,0,0,1,1
"460",-23500,0,30,30000,18,1,1,0,0,0,0
"461",250,0,29,35100,12,1,0,0,0,0,0
"462",-9868,0,50,30420,16,2,1,0,0,0,0
"463",-19733,0,32,27261,12,8,1,1,0,0,0
"464",57800,0,57,30675,18,1,0,0,0,1,0
"465",-830,0,37,29445,12,4,1,0,0,0,1
"466",1549,0,54,36996,13,5,1,1,0,0,1
"467",899,0,40,27735,12,4,1,1,0,0,1
"468",-609,0,29,27486,10,6,1,0,0,1,0
"469",10747,0,43,33288,12,2,1,1,0,0,1
"470",0,0,37,27675,12,1,0,0,0,0,0
"471",1414,0,38,36150,14,5,1,0,0,0,1
"472",-2010,0,26,27960,12,3,1,1,0,0,1
"473",15434,0,56,35772,13,2,1,0,0,1,1
"474",2300,0,30,27840,16,1,0,0,0,0,1
"475",15500,0,54,31008,14,2,1,1,0,1,1
"476",0,0,38,31158,12,4,1,1,0,0,1
"477",-1000,0,27,32880,12,3,1,1,0,0,0
"478",-2400,0,36,30837,12,3,1,1,0,0,0
"479",325,0,34,33171,12,3,1,0,0,0,0
"480",2056,0,40,32205,15,2,1,1,1,0,1
"481",-6235,0,42,33726,14,3,1,0,1,0,1
"482",50,0,28,30363,16,2,1,0,0,0,0
"483",104500,0,42,36489,18,3,1,0,1,0,1
"484",25900,0,46,35346,18,1,0,0,1,1,1
"485",10,0,34,27006,12,1,0,0,0,0,0
"486",-3146,0,38,36654,11,4,1,1,0,0,1
"487",7751,0,63,36633,11,6,1,1,1,1,1
"488",1400,0,27,32106,13,4,1,1,0,0,0
"489",-8675,0,25,28800,16,2,1,1,0,0,0
"490",18300,0,62,29700,12,2,1,0,0,0,1
"491",2999,0,39,28740,14,2,0,0,1,0,1
"492",-3200,0,38,32805,12,4,1,1,0,0,0
"493",-2482,0,33,36051,15,5,1,0,0,0,0
"494",-20509,0,39,30021,11,4,1,0,0,0,1
"495",-2900,0,49,29814,14,1,0,0,0,0,0
"496",6000,0,60,35277,12,3,1,1,0,0,0
"497",0,0,47,28200,12,4,1,0,0,0,1
"498",63400,0,53,32856,17,1,0,0,0,1,1
"499",4922,0,52,32826,14,6,1,0,0,1,1
"500",-800,0,53,26622,10,3,1,1,1,0,1
"501",-1100,0,45,28524,12,3,0,0,0,0,0
"502",-7700,0,28,34503,14,3,1,1,0,0,1
"503",-2550,0,38,27930,13,4,1,0,0,0,1
"504",53712,0,62,29841,18,1,0,0,1,1,1
"505",-3250,0,32,29940,12,6,1,0,0,0,1
"506",18700,0,51,30030,12,3,0,0,1,1,1
"507",-15550,0,54,32241,10,5,1,1,1,0,1
"508",4399,0,55,33657,12,2,1,1,0,0,1
"509",36400,0,45,28875,12,2,0,0,1,1,1
"510",200,0,44,34539,12,7,1,1,0,0,1
"511",-5350,0,29,34923,12,1,0,0,0,0,0
"512",-8800,0,33,30828,12,5,1,0,0,0,1
"513",1746,0,44,31527,16,4,1,0,0,0,1
"514",47384,0,48,30543,16,1,0,0,0,0,0
"515",4000,0,27,30300,12,4,1,0,0,1,0
"516",48486,0,64,34881,8,2,1,0,0,1,1
"517",-762,0,33,35757,14,1,0,0,1,0,0
"518",19513,0,54,36636,11,3,1,1,1,1,1
"519",0,0,30,28629,12,3,1,1,0,0,1
"520",-2090,0,32,35751,14,4,1,1,0,0,0
"521",-11760,0,43,27168,7,6,1,0,0,0,1
"522",-4456,0,37,30942,18,3,0,0,0,0,1
"523",-1000,0,33,31440,16,1,0,0,1,0,0
"524",-6127,0,41,35478,7,2,1,1,1,0,1
"525",29000,0,30,29400,12,1,0,0,0,0,1
"526",-18700,0,47,27150,14,3,0,0,1,0,0
"527",21600,0,58,36900,12,2,1,0,0,0,1
"528",1500,0,28,32430,12,3,1,0,0,0,0
"529",449,0,43,27792,12,3,1,0,0,1,1
"530",-19706,0,48,32349,11,4,1,1,0,0,0
"531",-1490,0,30,34443,12,4,1,1,0,0,1
"532",54997,0,55,27000,10,2,1,1,0,1,0
"533",1200,0,50,31296,12,3,1,0,0,0,1
"534",-5900,0,52,30045,12,4,1,1,1,1,1
"535",343,0,38,31938,12,4,1,0,0,0,1
"536",2200,0,48,28812,16,2,0,0,1,1,1
"537",-870,0,31,27720,13,2,1,1,0,0,1
"538",76000,0,64,30432,13,2,1,0,0,1,0
"539",1600,0,41,33225,18,1,0,0,0,1,0
"540",7600,0,43,26580,12,3,0,0,0,0,1
"541",1247,0,44,35700,13,4,1,1,0,0,1
"542",43599,0,42,28515,12,6,1,0,0,0,1
"543",13697,0,33,32442,12,3,1,1,0,0,0
"544",4035,0,53,28317,11,2,1,0,0,0,1
"545",-7575,0,40,35688,12,4,1,1,0,0,0
"546",300,0,50,30660,12,3,1,1,1,0,0
"547",130,0,25,37236,13,3,1,1,0,1,1
"548",11109,0,48,32565,12,1,0,0,0,0,1
"549",500,0,41,34950,16,3,0,0,0,0,1
"550",13828,0,62,31692,8,2,1,0,0,1,1
"551",268,0,34,29205,12,6,1,1,0,0,0
"552",-10500,0,36,27600,15,4,0,0,0,0,0
"553",5855,0,59,26664,12,1,0,0,1,0,1
"554",-16431,0,33,26880,17,3,1,1,0,0,0
"555",1400,0,25,37257,18,2,1,1,0,0,1
"556",1300,0,31,32589,12,4,1,1,0,0,1
"557",22227,0,38,35247,12,1,0,0,1,1,0
"558",-19425,0,34,29430,16,2,0,0,0,0,0
"559",-1900,0,55,29097,12,2,1,1,0,0,1
"560",-21498,0,45,34002,12,3,1,0,0,1,0
"561",114900,0,63,29013,12,2,1,0,0,1,1
"562",2100,0,32,26973,12,5,1,0,0,0,1
"563",-4050,0,40,35475,18,3,0,0,0,0,0
"564",60015,0,37,26550,15,2,1,1,0,0,1
"565",-10700,0,35,36000,18,1,0,0,0,0,0
"566",11000,0,61,28050,16,2,1,0,0,1,1
"567",994,0,38,29640,13,4,1,1,1,0,1
"568",-57000,0,45,34680,10,4,1,0,0,0,1
"569",591,0,37,35889,14,4,1,0,0,0,1
"570",39400,0,59,33921,12,2,1,0,0,1,1
"571",-5004,0,49,36933,16,4,1,0,0,0,1
"572",1600,0,28,29427,16,6,1,1,0,0,1
"573",2760,0,32,28560,18,4,1,0,0,1,1
"574",-3995,0,36,33360,12,4,1,1,0,0,1
"575",-3264,0,25,27270,12,3,1,1,0,0,1
"576",40800,0,42,32025,14,1,0,0,0,1,0
"577",249,0,41,34794,16,1,0,0,1,0,0
"578",-5700,0,32,28872,12,5,1,1,0,0,1
"579",-1200,0,27,28740,18,1,0,0,0,0,0
"580",-250,0,56,29700,12,3,1,0,0,0,1
"581",1849,0,53,29304,12,2,1,1,0,0,1
"582",34397,0,56,27021,18,1,0,0,0,0,1
"583",-1050,0,36,26952,13,4,1,1,0,0,1
"584",968999,0,58,33915,1,2,1,0,0,1,1
"585",7899,0,60,29424,14,1,0,0,0,0,0
"586",1207,0,56,28797,12,2,1,0,0,0,1
"587",19900,0,54,26760,14,3,1,0,0,1,1
"588",-2000,0,29,35643,12,5,1,1,0,0,0
"589",7,0,33,27303,12,3,1,1,0,0,0
"590",-1600,0,35,30804,16,1,0,0,0,0,0
"591",-200,0,50,33243,9,2,1,1,0,0,1
"592",-9700,0,29,31476,15,2,1,1,0,0,0
"593",-17275,0,26,34830,18,1,0,0,0,0,0
"594",95,0,28,28293,14,3,1,0,0,0,0
"595",225,0,38,29028,17,1,0,0,1,0,1
"596",2015,0,28,29283,12,4,1,1,0,0,1
"597",3200,0,46,36930,13,1,0,0,1,0,1
"598",-75,0,55,27972,10,1,0,0,0,0,1
"599",-10001,0,48,32880,18,2,0,0,1,0,1
"600",-3467,0,46,31200,12,2,0,1,0,0,0
"601",500,0,26,26736,12,4,1,1,0,0,1
"602",-380,0,33,28575,12,2,1,1,0,0,1
"603",99,0,43,36000,12,3,1,1,0,0,1
"604",-1431,0,25,26796,10,6,1,1,0,0,0
"605",-964,0,48,27429,12,2,1,1,0,0,0
"606",0,0,40,28332,12,2,0,0,0,0,0
"607",2699,0,39,35178,14,5,1,0,0,1,1
"608",40300,0,35,27486,14,2,1,0,0,1,0
"609",3800,0,56,29250,12,2,1,1,0,0,1
"610",-3850,0,48,30402,12,4,1,1,0,0,1
"611",-84700,0,29,28149,13,4,1,0,0,0,0
"612",-9100,0,46,34455,12,4,1,1,1,0,1
"613",200,0,36,35997,16,4,1,1,0,0,1
"614",4101,0,29,29730,14,3,1,1,0,0,1
"615",26530,0,54,28329,16,2,0,0,0,1,1
"616",12923,0,33,30552,16,4,1,1,0,0,1
"617",-1450,0,34,28869,13,4,1,0,0,0,1
"618",249,0,44,31635,12,1,0,0,1,0,1
"619",-2375,0,42,33126,12,3,0,0,1,0,1
"620",-1000,0,48,30240,12,2,1,1,0,0,1
"621",10974,0,59,29415,12,8,1,0,1,1,1
"622",55499,0,55,31014,16,2,1,0,1,1,1
"623",31889,0,39,30690,12,5,1,1,0,1,1
"624",21395,0,54,29781,12,6,1,0,0,1,1
"625",-3447,0,63,30294,11,3,1,1,0,0,1
"626",-2700,0,61,26652,12,2,1,0,0,0,1
"627",-11000,0,30,36639,12,4,1,1,1,0,1
"628",100,0,38,27852,9,4,1,0,0,0,0
"629",7399,0,34,36702,10,4,1,1,1,0,1
"630",2647,0,36,34839,18,1,0,0,1,1,0
"631",46000,0,39,26700,13,4,1,0,0,0,1
"632",122555,0,59,29499,13,3,1,0,0,1,1
"633",-3000,0,35,27129,12,2,0,0,1,0,1
"634",60840,0,39,27546,12,1,0,0,0,1,1
"635",3599,0,36,30720,15,3,1,0,0,1,1
"636",-6950,0,25,27606,14,3,1,0,0,0,0
"637",1049,0,48,34974,12,4,1,1,0,0,0
"638",-576,0,50,30498,13,1,0,0,0,0,0
"639",-2552,0,30,33720,12,2,1,1,1,0,1
"640",-2200,0,25,27630,13,1,0,0,0,0,1
"641",16600,0,25,27492,12,5,1,1,0,1,1
"642",-8200,0,54,35754,12,3,1,1,1,0,1
"643",33569,0,44,32205,16,5,1,1,0,1,1
"644",0,0,31,27225,12,1,0,0,0,0,1
"645",-6200,0,30,26751,10,4,1,1,0,0,0
"646",3499,0,37,33996,16,1,0,0,0,0,1
"647",-8195,0,28,27246,14,4,1,1,0,0,0
"648",122800,0,45,33240,17,4,1,0,0,0,1
"649",4325,0,25,36042,16,2,1,1,1,0,0
"650",20000,0,25,33360,13,7,0,0,0,0,1
"651",600,0,52,26880,8,2,1,0,0,0,1
"652",-2000,0,55,34470,12,4,1,1,0,0,1
"653",-750,0,30,27000,16,1,0,0,1,0,1
"654",-1500,0,31,30324,12,4,1,0,0,0,1
"655",9500,0,47,31431,12,3,0,0,0,1,1
"656",61999,0,61,28650,12,2,0,0,0,1,1
"657",33800,0,49,30063,14,1,0,0,1,1,1
"658",-2700,0,37,32385,10,4,1,1,0,0,0
"659",30048,0,52,31803,9,3,1,0,0,0,1
"660",138849,0,58,34755,12,2,1,1,0,1,1
"661",-7750,0,25,37200,16,1,0,0,0,0,0
"662",-4325,0,38,31956,12,3,0,0,0,0,0
"663",-900,0,29,30606,12,2,1,1,0,0,1
"664",18300,0,40,32457,17,1,0,0,1,1,1
"665",-2100,0,57,32592,13,4,1,1,0,0,1
"666",7699,0,59,35370,12,1,0,0,0,1,0
"667",5849,0,40,35157,12,4,1,1,1,0,1
"668",-1607,0,30,27093,13,4,1,1,0,0,1
"669",1700,0,26,33672,14,1,0,0,0,0,0
"670",3300,0,39,29232,18,1,0,0,1,1,1
"671",18000,0,41,31179,11,4,1,1,0,1,1
"672",-5800,0,25,26610,16,1,0,0,0,0,0
"673",66808,0,64,28017,12,2,1,0,0,1,1
"674",-600,0,28,27108,16,1,0,0,0,0,1
"675",-3001,0,35,34836,14,5,1,1,1,0,1
"676",-3300,0,46,27000,10,3,1,0,0,0,1
"677",8248,0,52,28419,12,3,1,1,0,1,1
"678",869,0,40,35439,13,3,1,1,0,0,1
"679",1499,0,51,27060,12,4,1,1,0,0,0
"680",-15051,0,48,29964,12,5,1,0,0,0,1
"681",25204,0,62,33096,9,2,1,0,0,1,1
"682",499,0,33,36030,14,1,0,0,0,0,1
"683",30899,0,60,35550,11,2,1,1,0,1,1
"684",-643,0,44,27675,14,2,0,0,1,0,1
"685",7768,0,31,32256,12,3,1,0,0,0,0
"686",-4550,0,45,32409,12,4,1,1,0,0,1
"687",17212,0,31,28974,17,3,0,0,1,0,1
"688",13239,0,62,30429,13,2,1,0,0,0,1
"689",52500,0,55,34320,12,3,1,1,0,1,1
"690",-730,0,41,27012,16,4,1,1,0,0,1
"691",-4220,0,39,31848,15,4,1,1,1,0,1
"692",699,0,40,32976,18,1,0,0,1,0,0
"693",54700,0,58,31575,12,2,1,0,1,0,1
"694",55,0,26,32640,12,1,0,0,0,0,0
"695",52399,0,58,30264,17,3,1,0,1,1,0
"696",1704,0,64,28830,18,1,0,0,0,0,1
"697",86999,0,61,33636,12,2,1,0,0,1,1
"698",100,0,37,27720,16,5,1,0,0,0,1
"699",-1102,0,37,31200,12,3,1,1,1,0,1
"700",2648,0,41,28551,12,4,1,0,0,1,1
"701",2001,0,54,32520,12,2,1,1,0,0,1
"702",4140,0,46,33288,13,2,1,0,0,0,0
"703",71,0,55,32460,12,2,1,1,0,0,1
"704",10000,0,39,32856,18,4,1,0,0,0,1
"705",2830,0,32,35832,18,4,1,1,1,0,1
"706",-8500,0,28,33450,16,1,0,0,0,0,0
"707",-850,0,28,30015,12,6,1,0,0,0,0
"708",23200,0,33,27060,16,1,0,0,0,0,0
"709",11934,0,45,32490,12,5,1,1,0,0,1
"710",-12750,0,32,30927,16,1,0,0,0,0,0
"711",39966,0,56,27621,12,2,1,1,0,0,1
"712",-9300,0,59,31959,12,1,0,0,0,0,0
"713",2186,0,40,33696,13,4,1,0,0,0,1
"714",-4500,0,49,32064,16,3,1,0,0,0,1
"715",-400,0,30,30000,14,2,1,0,0,0,0
"716",-8750,0,42,33480,16,2,0,0,0,0,0
"717",0,0,37,32679,13,4,1,1,0,0,1
"718",6300,0,26,35820,13,1,0,0,0,0,0
"719",3335,0,51,27888,13,5,1,1,1,1,1
"720",-1900,0,42,28350,12,5,1,1,0,0,0
"721",-8651,0,55,27033,12,1,0,0,0,0,1
"722",4299,0,55,36600,14,2,1,0,0,0,0
"723",108498,0,62,35550,12,2,1,0,0,1,1
"724",8200,0,45,29262,12,1,0,0,1,1,1
"725",6672,0,57,27180,14,2,0,0,0,0,1
"726",4999,0,56,36420,18,1,0,0,1,0,1
"727",0,0,37,31911,18,1,0,0,0,0,0
"728",8600,0,31,37089,16,3,1,0,0,0,1
"729",0,0,35,28647,14,3,0,0,0,0,0
"730",88750,0,54,34035,16,1,0,0,1,1,1
"731",6749,0,47,32649,14,3,1,1,0,1,1
"732",10200,0,46,27978,16,3,0,0,1,1,1
"733",-2400,0,27,28200,13,2,1,1,1,0,0
"734",7700,0,33,32514,18,4,1,1,0,1,1
"735",4010,0,37,30438,10,3,1,0,0,1,1
"736",-7100,0,42,36603,12,4,1,1,0,0,1
"737",-6900,0,63,33432,12,7,1,0,1,0,0
"738",-22663,0,43,27489,12,5,1,0,0,0,1
"739",-1800,0,53,34755,12,3,1,1,0,0,1
"740",4500,0,46,32184,16,3,0,0,0,0,1
"741",-3995,0,37,36564,12,4,1,1,0,0,1
"742",-605,0,50,31659,12,3,1,1,0,0,0
"743",9850,0,43,27381,14,2,0,0,0,1,0
"744",-1310,0,46,29232,14,1,0,0,1,0,0
"745",5800,0,48,27276,16,4,1,1,1,0,1
"746",900,0,52,35409,6,2,1,1,0,1,1
"747",-2800,0,25,32979,16,1,0,0,0,0,0
"748",15800,0,32,32856,13,2,0,0,0,0,1
"749",16975,0,33,33225,16,5,1,1,0,0,1
"750",68100,0,53,35016,14,2,0,0,0,1,1
"751",2150,0,37,31995,15,5,1,1,0,0,0
"752",40411,0,60,35859,16,2,0,0,0,1,1
"753",-3500,0,31,35739,12,3,0,0,0,0,0
"754",8549,0,56,33477,12,4,1,0,0,1,0
"755",72225,0,63,36072,13,3,1,0,0,1,1
"756",-5575,0,38,31206,12,3,1,1,0,0,1
"757",0,0,47,29100,18,1,0,0,0,0,0
"758",53100,0,63,27885,12,3,1,0,0,1,1
"759",-2293,0,29,37053,12,4,1,1,0,0,1
"760",-2047,0,38,29838,16,4,1,1,0,0,1
"761",-6980,0,41,31356,12,4,1,0,0,0,1
"762",219759,0,61,29130,13,1,0,0,1,0,1
"763",-8000,0,34,35625,12,5,1,1,0,0,1
"764",93300,0,50,28908,13,3,1,1,1,1,1
"765",5000,0,48,30660,16,3,1,0,1,0,0
"766",47500,0,48,27000,16,5,1,0,0,0,1
"767",49,0,63,26823,11,1,0,0,1,0,0
"768",-9000,0,39,33600,16,2,1,0,1,0,1
"769",789,0,34,30198,12,5,1,1,1,0,1
"770",4900,0,58,28440,15,2,1,0,0,0,1
"771",0,0,46,35100,15,3,1,1,1,0,0
"772",8350,0,52,28893,12,3,1,1,0,0,0
"773",3900,0,28,26850,17,2,1,0,0,1,0
"774",144399,0,55,32115,12,2,0,0,0,1,1
"775",-950,0,37,30405,12,4,0,0,1,0,1
"776",-2300,0,30,31785,12,3,1,1,0,0,0
"777",4029,0,47,27414,12,2,1,1,0,1,1
"778",-3250,0,29,30750,15,2,1,1,0,0,1
"779",42935,0,42,36093,12,4,1,0,0,0,1
"780",-500,0,57,30303,15,2,1,0,0,0,1
"781",-3450,0,33,30864,12,7,1,1,1,0,1
"782",-14758,0,47,28866,12,3,1,1,0,0,0
"783",-3900,0,26,28320,12,4,1,1,0,0,1
"784",5124,0,35,28893,11,4,1,1,0,0,1
"785",-14350,0,30,27555,18,1,0,0,1,0,0
"786",-1563,0,30,33219,12,2,1,0,0,0,0
"787",18499,0,52,26856,12,2,1,1,1,0,1
"788",12999,0,27,26724,12,1,0,0,1,0,1
"789",5009,0,27,34200,16,1,0,0,0,0,1
"790",-2900,0,43,29808,12,3,1,0,0,0,1
"791",-1775,0,25,32409,12,3,1,1,0,0,0
"792",4107,0,48,28017,12,1,0,0,0,0,0
"793",-9700,0,55,34200,12,3,0,0,0,0,1
"794",25000,0,44,30408,12,2,0,0,0,1,0
"795",0,0,48,26604,12,3,1,1,0,0,1
"796",400,0,64,36798,15,2,1,1,0,0,1
"797",-1184,0,44,34890,13,5,1,1,0,0,1
"798",0,0,50,30600,15,3,0,0,1,0,0
"799",80154,0,63,30639,12,4,1,0,0,0,1
"800",75,0,47,33933,12,5,1,1,0,0,1
"801",0,0,30,31200,13,5,1,1,0,0,1
"802",5300,0,40,36000,13,2,0,0,1,0,1
"803",-8597,0,34,31833,12,4,1,1,0,1,0
"804",7559,0,35,27603,12,4,1,0,0,0,1
"805",15100,0,52,26910,18,1,1,0,0,1,0
"806",27209,0,44,34794,12,2,1,0,0,0,1
"807",200,0,30,36450,13,5,1,1,1,0,1
"808",-2500,0,26,33093,12,2,1,1,0,0,0
"809",7190,0,34,35184,12,1,0,0,1,0,1
"810",9800,0,50,28650,16,2,0,0,1,0,1
"811",-1346,0,55,29634,16,2,0,0,0,0,1
"812",-450,0,25,34794,12,3,1,1,1,0,1
"813",200,0,42,30600,11,4,1,0,0,0,1
"814",4200,0,57,27366,12,2,1,0,0,0,1
"815",1744,0,64,30108,12,2,1,1,1,0,1
"816",5071,0,62,29616,12,2,0,0,0,1,1
"817",-158,0,32,29244,18,1,0,0,0,0,1
"818",18545,0,54,35280,13,2,1,1,0,1,0
"819",0,0,44,30600,14,1,0,0,0,0,0
"820",13300,0,39,34509,12,1,0,0,0,0,0
"821",0,0,40,28095,3,5,1,1,0,0,1
"822",-100,0,35,32208,13,2,1,1,0,0,0
"823",14071,0,32,28572,14,1,0,0,1,1,1
"824",4591,0,26,28356,16,2,1,1,0,0,0
"825",-2400,0,28,28887,18,2,1,1,0,0,0
"826",41899,0,45,28500,18,4,1,0,0,1,0
"827",-3450,0,39,29001,12,3,0,0,1,0,1
"828",800,0,45,26661,11,4,1,0,0,0,0
"829",75,0,34,33105,11,5,1,0,0,0,1
"830",-5770,0,30,29820,12,4,1,0,0,0,1
"831",10535,0,49,26679,12,1,0,0,1,0,1
"832",3899,0,33,32160,10,4,1,1,0,0,0
"833",0,0,32,36210,10,4,1,1,0,0,1
"834",2899,0,47,33000,14,1,0,0,0,0,1
"835",19599,0,47,28182,18,1,0,0,0,0,0
"836",47280,0,55,36198,12,3,1,1,1,1,1
"837",21356,0,30,37161,12,2,1,1,0,0,1
"838",-15100,0,42,30000,16,2,1,0,1,0,0
"839",0,0,45,28152,12,3,1,1,0,0,1
"840",367,0,60,30990,14,2,1,1,0,0,1
"841",0,0,31,26862,12,3,0,0,0,0,0
"842",-5490,0,40,28044,13,4,1,1,1,0,1
"843",30592,0,63,35547,15,3,1,1,0,1,1
"844",5500,0,50,33750,12,2,1,1,1,0,1
"845",-7600,0,25,28335,12,3,1,1,0,0,0
"846",0,0,25,34953,12,2,1,1,0,0,1
"847",18149,0,40,31785,14,6,1,0,0,0,1
"848",6200,0,41,28392,12,4,1,1,0,1,1
"849",-3160,0,42,29298,15,4,1,1,1,0,1
"850",6049,0,47,32568,17,4,1,1,0,1,1
"851",-9500,0,25,26940,12,4,1,0,0,0,0
"852",350,0,47,34059,12,3,1,0,0,0,1
"853",-970,0,28,28728,12,5,1,1,1,0,0
"854",-500,0,46,35730,12,1,0,0,0,0,0
"855",3200,0,40,27150,12,6,1,0,0,1,1
"856",0,0,37,28902,12,2,0,0,0,0,0
"857",-6376,0,27,29598,18,1,0,0,0,0,0
"858",-1140,0,26,32001,17,1,0,0,1,0,0
"859",350,0,27,27810,14,2,1,1,0,0,1
"860",-275,0,35,29910,12,5,1,1,0,0,1
"861",10950,0,48,30870,12,3,0,0,0,1,1
"862",0,0,43,31254,12,4,1,1,0,0,1
"863",7500,0,47,33930,12,4,1,0,0,0,1
"864",29598,0,36,37077,12,4,1,1,0,0,1
"865",17748,0,41,30927,9,3,1,0,0,1,1
"866",21000,0,58,30528,17,1,0,0,0,0,0
"867",2600,0,28,29160,12,1,0,0,0,0,0
"868",-1800,0,25,27726,12,5,1,0,0,0,0
"869",50,0,45,28560,12,6,1,0,0,0,1
"870",75,0,52,33624,12,3,1,0,0,0,1
"871",3300,0,50,34164,12,4,1,0,0,1,1
"872",4000,0,33,31200,16,5,1,0,0,0,1
"873",2691,0,36,36045,12,4,1,0,0,1,1
"874",1200,0,32,34788,12,2,1,0,0,0,1
"875",1509,0,39,29151,13,5,1,1,0,0,1
"876",13000,0,48,28422,8,6,1,0,0,0,1
"877",18750,0,52,29865,12,2,1,0,0,1,0
"878",3222,0,53,29169,12,4,1,0,0,1,1
"879",102981,0,40,36177,12,2,1,1,0,1,1
"880",-16225,0,35,31191,14,2,0,0,0,0,1
"881",18999,0,55,27600,17,3,0,0,1,0,0
"882",950,0,27,34704,14,5,1,1,0,0,1
"883",-2240,0,44,31530,14,2,0,0,0,0,1
"884",20000,0,62,30381,11,2,1,0,0,0,1
"885",-200,0,55,36924,12,2,1,1,1,0,1
"886",-300,0,29,33600,14,4,1,1,0,0,0
"887",100,0,31,28800,12,8,1,0,0,0,0
"888",2900,0,50,26640,5,4,1,0,0,0,1
"889",0,0,33,30600,9,6,1,0,0,0,0
"890",1444,0,31,27162,13,2,1,1,0,0,0
"891",16200,0,52,30099,14,2,0,0,1,1,1
"892",-8400,0,33,31392,12,3,1,1,0,0,0
"893",7200,0,28,36075,14,2,1,1,0,1,0
"894",3718,0,31,27900,16,1,0,0,0,0,1
"895",11400,0,37,35226,15,6,1,1,0,0,1
"896",-3720,0,34,28935,12,3,1,0,0,0,1
"897",-3800,0,64,26946,14,2,0,0,0,0,1
"898",-2900,0,46,28605,15,2,1,1,0,0,0
"899",-3880,0,25,31803,13,1,0,0,0,0,0
"900",5900,0,31,27906,16,3,1,0,0,1,1
"901",200,0,63,36252,12,2,1,0,0,0,1
"902",4600,0,31,33036,16,1,0,0,0,1,1
"903",1499,0,38,31674,15,1,0,0,1,0,1
"904",-3725,0,27,27657,12,2,1,1,0,0,0
"905",30523,0,63,36429,11,2,1,0,1,1,1
"906",1791,0,28,30936,12,4,1,1,0,1,1
"907",20600,0,59,33360,17,2,1,1,0,1,1
"908",0,0,46,36072,12,5,1,1,0,0,1
"909",2600,0,37,28236,12,1,0,0,1,0,0
"910",16800,0,55,28893,13,4,1,1,0,0,0
"911",1e+05,0,54,31512,12,2,0,0,0,1,1
"912",2000,0,55,32340,14,2,1,1,0,0,0
"913",-4355,0,25,33843,14,3,1,1,1,0,0
"914",-1895,0,31,28362,17,4,1,0,1,0,1
"915",-12951,0,34,29166,18,2,1,0,0,0,0
"916",230,0,30,31725,12,6,1,0,0,0,1
"917",-15001,0,33,31236,12,6,1,1,0,0,1
"918",2249,0,42,33015,14,2,1,1,1,0,1
"919",24999,0,47,35814,12,3,1,1,0,1,1
"920",356,0,33,31575,12,2,1,1,1,0,1
"921",-3475,0,37,33366,14,2,0,0,0,0,0
"922",700,0,46,34938,12,3,1,1,0,0,0
"923",57499,0,44,33774,14,3,1,0,0,1,1
"924",16000,0,42,36600,18,1,0,0,0,0,1
"925",12527,0,37,36852,16,4,1,1,0,1,1
"926",62000,0,59,36696,14,1,0,0,1,1,0
"927",-3150,0,33,36549,17,1,0,0,1,1,1
"928",15645,0,29,31548,15,6,1,0,0,0,1
"929",29771,0,33,30966,13,3,1,0,0,0,1
"930",7500,0,48,29496,18,2,0,0,0,1,1
"931",1100,0,52,27465,16,4,1,0,1,0,1
"932",7000,0,28,30879,16,1,0,0,0,1,1
"933",900,0,51,36060,12,3,1,1,0,0,1
"934",-3300,0,27,35745,17,2,1,1,0,0,0
"935",500,0,47,36000,18,2,0,0,0,1,0
"936",3172,0,43,29898,15,4,1,1,0,1,1
"937",300,0,38,31875,12,4,1,1,1,0,1
"938",300,0,28,28806,15,3,1,1,0,0,0
"939",-3300,0,32,27960,12,1,0,0,0,0,0
"940",-8000,0,37,28500,12,3,0,0,0,0,1
"941",-1000,0,52,28191,11,3,1,0,1,0,1
"942",440,0,41,32472,14,2,0,0,1,0,0
"943",9514,0,29,36666,14,3,1,1,0,1,0
"944",-3370,0,63,28908,16,1,0,0,1,0,0
"945",400,0,48,33921,12,2,0,0,0,0,1
"946",1100,0,25,33270,17,4,0,0,0,0,0
"947",2600,0,39,27354,18,3,0,0,1,1,1
"948",44159,0,52,33489,13,2,1,1,0,1,1
"949",293,0,30,32931,12,4,1,1,0,0,0
"950",5899,0,43,34608,12,4,1,0,0,0,0
"951",28000,0,40,29220,17,1,0,0,0,0,0
"952",0,0,26,30600,12,1,0,0,1,0,1
"953",2000,0,40,28680,12,4,1,0,0,0,1
"954",3600,0,45,29400,16,2,0,0,0,0,0
"955",-1700,0,26,32748,12,4,1,1,0,0,1
"956",4000,0,25,34170,16,1,0,0,0,0,0
"957",19900,0,45,31995,14,4,1,0,0,1,0
"958",26549,0,60,27420,11,2,1,0,0,1,1
"959",-1501,0,25,36168,12,3,1,1,1,0,1
"960",-8593,0,29,30495,15,6,1,0,0,0,1
"961",-5800,0,43,37215,16,2,0,0,1,0,1
"962",0,0,56,30960,12,3,1,0,0,0,1
"963",-4928,0,33,33180,13,5,1,1,0,0,1
"964",1499,0,39,31860,12,2,0,0,1,0,0
"965",1800,0,52,27939,7,7,0,0,1,0,1
"966",53700,0,26,36309,16,4,1,1,0,0,0
"967",300,0,33,28560,12,4,1,1,0,0,0
"968",0,0,25,30651,15,1,0,0,0,0,1
"969",950,0,35,27624,12,5,1,0,0,0,1
"970",54719,0,61,27654,14,1,0,0,0,1,1
"971",-1300,0,52,27360,13,4,1,0,0,0,1
"972",-1640,0,32,35955,6,2,1,0,0,0,1
"973",1200,0,50,28254,9,5,1,1,0,0,0
"974",0,0,34,34680,12,1,0,0,0,0,1
"975",-8301,0,39,28836,18,2,0,0,0,0,0
"976",-850,0,31,35856,12,5,1,0,0,0,0
"977",19200,0,51,30516,12,3,1,0,0,0,1
"978",12000,0,30,37101,12,4,1,0,0,0,1
"979",-1200,0,29,30489,12,4,1,1,0,0,1
"980",-2430,0,35,26640,12,3,1,1,0,0,1
"981",5300,0,42,33075,16,3,0,0,1,1,1
"982",-13950,0,37,27330,13,4,1,0,0,0,0
"983",-39915,0,44,34686,15,5,1,0,0,0,1
"984",-2500,0,34,27294,9,2,0,0,0,0,0
"985",13100,0,39,30825,15,1,0,0,0,1,1
"986",77000,0,35,31398,17,4,1,0,0,1,1
"987",67000,0,52,27780,15,1,0,0,0,0,0
"988",6930,0,60,36966,13,2,1,1,0,0,1
"989",3000,0,28,32034,12,2,1,0,0,0,1
"990",-5450,0,28,30210,12,1,0,0,0,0,0
"991",-6451,0,33,34269,13,4,1,1,0,0,1
"992",29599,0,51,28659,14,1,0,0,1,0,0
"993",61010,0,52,32634,16,5,0,0,0,0,1
"994",11700,0,46,30492,11,4,0,0,0,0,1
"995",750,0,63,26580,11,2,0,0,0,0,0
"996",-4000,0,30,34041,12,2,1,1,0,0,1
"997",-3201,0,34,35868,13,4,1,1,0,0,1
"998",900,0,41,28620,12,4,1,0,1,0,1
"999",1825,0,28,30900,12,4,1,1,0,1,1
"1000",-17300,0,49,33567,12,3,1,0,0,0,1
"1001",0,0,25,36546,15,1,1,0,0,0,0
"1002",-1550,0,34,33543,12,4,1,1,0,0,1
"1003",16610,0,54,33267,13,1,0,0,0,0,0
"1004",-420,0,30,30951,6,3,1,1,0,0,0
"1005",270,0,41,36162,16,1,0,0,1,0,0
"1006",7,0,51,33474,12,2,1,1,1,0,1
"1007",-475,0,26,28200,10,4,1,1,0,0,0
"1008",-690,0,45,33084,10,2,0,0,0,0,1
"1009",1750,0,52,28776,12,5,1,1,0,0,1
"1010",24999,0,28,33900,15,1,0,0,0,0,0
"1011",-494,0,51,29235,13,2,1,1,1,0,1
"1012",-6875,0,44,27411,12,6,1,1,0,0,1
"1013",695,0,48,34941,12,3,1,1,0,0,1
"1014",-6600,0,34,34932,14,5,1,1,0,0,0
"1015",515,0,31,32871,12,4,1,0,0,0,1
"1016",-25100,0,38,36924,10,3,1,1,0,0,1
"1017",28359,0,47,36768,16,2,0,0,1,1,1
"1018",-9176,0,37,35730,13,3,1,1,0,0,1
"1019",15150,0,31,28248,14,1,0,0,1,0,1
"1020",13000,0,51,34656,16,3,0,0,0,0,0
"1021",-1501,0,57,27927,7,4,1,1,0,0,1
"1022",14999,0,44,27411,16,4,1,1,0,1,1
"1023",1400,0,43,28005,16,3,0,0,1,1,1
"1024",4300,0,41,31560,12,3,1,1,0,0,1
"1025",-4950,0,45,30246,14,3,0,0,1,0,0
"1026",4600,0,63,27585,16,2,1,0,1,1,1
"1027",100099,0,57,30840,12,2,1,0,0,0,1
"1028",3100,0,30,30210,16,2,0,0,0,1,0
"1029",200,0,40,30012,9,5,1,1,0,0,0
"1030",7500,0,40,32880,12,5,1,0,0,0,1
"1031",-600,0,30,36066,10,2,1,1,0,0,1
"1032",-1000,0,49,36720,16,2,1,0,0,0,1
"1033",33499,0,41,30000,16,3,0,0,0,1,1
"1034",0,0,31,28467,11,3,1,1,1,0,0
"1035",-600,0,27,32436,12,4,1,1,0,0,1
"1036",-5700,0,35,31620,14,3,1,1,0,0,0
"1037",7800,0,56,32148,12,2,1,1,0,1,1
"1038",16600,0,30,27192,14,3,1,0,0,0,1
"1039",-500,0,44,30840,8,3,1,1,0,1,1
"1040",23027,0,37,30507,12,3,1,1,0,1,1
"1041",6299,0,48,30450,16,1,1,0,0,0,0
"1042",-450,0,48,35970,14,4,1,0,0,1,1
"1043",400,0,25,32580,12,1,0,0,0,0,0
"1044",1800,0,32,29520,13,3,1,1,0,0,0
"1045",-15900,0,28,29604,12,3,0,0,0,0,0
"1046",-4631,0,33,31536,14,6,1,1,0,0,0
"1047",-14450,0,32,29550,14,3,0,0,0,0,1
"1048",3947,0,47,32544,15,3,0,0,1,0,1
"1049",3199,0,46,36390,12,4,1,1,0,0,1
"1050",45700,0,55,27390,12,2,1,0,0,1,1
"1051",500,0,27,30600,12,4,1,0,0,0,0
"1052",1000,0,29,28800,14,1,0,0,1,0,0
"1053",-24800,0,56,31548,14,6,1,1,0,0,1
"1054",89774,0,61,29982,12,1,0,0,0,1,0
"1055",-6000,0,38,31020,10,4,1,1,0,0,1
"1056",-2425,0,36,31752,12,5,1,1,0,0,1
"1057",55000,0,64,34932,15,3,1,1,0,0,1
"1058",9004,0,42,28554,14,3,1,0,0,0,1
"1059",-4693,0,29,29532,16,4,1,1,0,0,1
"1060",-1700,0,37,32964,12,4,1,1,1,0,0
"1061",-6000,0,26,36000,15,1,0,0,0,0,0
"1062",-4490,0,26,32460,12,1,0,0,0,0,1
"1063",0,0,33,31749,12,6,1,0,0,0,1
"1064",100,0,50,35496,12,4,1,0,0,0,1
"1065",900,0,30,27045,13,4,1,0,0,0,0
"1066",7399,0,26,32844,12,3,1,0,0,0,0
"1067",1459,0,34,36090,12,4,1,0,0,0,1
"1068",8048,0,25,34893,12,1,0,0,1,0,0
"1069",17139,0,58,34089,12,4,1,1,0,0,1
"1070",-7751,0,34,36051,12,5,1,0,0,0,0
"1071",-4100,0,45,27648,8,3,1,1,0,0,1
"1072",7100,0,32,34059,12,3,1,1,0,0,0
"1073",-5101,0,37,32631,11,4,1,1,0,0,1
"1074",5000,0,50,34470,12,2,0,0,1,0,0
"1075",-4500,0,27,28560,12,1,0,0,0,0,0
"1076",37794,0,55,36117,12,2,1,1,0,1,1
"1077",10700,0,52,32511,12,2,1,0,0,1,1
"1078",11800,0,63,26736,11,3,1,0,0,0,1
"1079",21700,0,48,32325,12,3,1,0,1,1,1
"1080",0,0,48,28053,9,6,1,0,0,0,0
"1081",-200,0,30,30342,12,5,1,1,0,0,0
"1082",50,0,44,28830,12,3,1,1,1,0,1
"1083",6750,0,28,28383,18,1,0,0,0,0,1
"1084",-5559,0,29,31740,12,5,1,0,0,0,1
"1085",-3775,0,41,32703,18,1,0,0,0,0,1
"1086",-2000,0,28,28911,11,1,0,0,0,0,0
"1087",-5122,0,38,37197,12,4,1,1,1,0,1
"1088",0,0,25,27030,12,1,0,0,1,0,1
"1089",-2400,0,39,30750,12,4,1,1,0,0,1
"1090",-400,0,55,32400,16,4,0,0,1,0,1
"1091",-2500,0,29,36885,12,4,1,1,0,0,1
"1092",1249,0,27,28575,12,1,0,0,0,0,0
"1093",1500,0,60,32481,12,4,1,0,0,0,1
"1094",-5000,0,28,36060,14,1,0,0,1,0,0
"1095",-3900,0,48,31506,13,5,1,1,0,0,1
"1096",-2168,0,29,29994,12,4,1,1,0,0,0
"1097",32649,0,53,32049,16,1,0,0,0,0,0
"1098",-9090,0,50,31974,18,4,0,0,1,0,0
"1099",340,0,30,29133,12,4,1,0,0,0,1
"1100",-4242,0,46,30600,6,4,1,0,0,0,1
"1101",-8000,0,35,29925,12,2,1,1,0,0,1
"1102",81668,0,40,34563,18,2,1,0,0,1,1
"1103",9279,0,37,32370,16,4,1,1,0,0,1
"1104",33458,0,63,33951,12,5,1,0,0,1,1
"1105",54500,0,50,27516,13,2,1,0,0,1,1
"1106",4959,0,36,26640,12,4,1,0,0,1,1
"1107",1300,0,30,32430,14,3,1,1,0,0,1
"1108",-4165,0,28,26931,12,2,1,1,0,0,1
"1109",2115,0,27,35205,11,5,1,0,0,0,0
"1110",2073,0,37,26688,12,4,1,1,0,0,1
"1111",37894,0,48,27660,12,1,0,0,0,1,1
"1112",-2745,0,35,36000,13,5,1,0,0,0,1
"1113",37100,0,48,29067,17,5,1,1,0,1,1
"1114",2000,0,44,30861,15,4,0,0,0,0,1
"1115",-6050,0,37,28038,12,6,0,0,0,0,1
"1116",-4306,0,52,30639,8,4,1,0,0,1,1
"1117",72607,0,55,36552,14,5,1,0,0,1,1
"1118",-9000,0,37,28320,14,3,0,0,0,0,0
"1119",399,0,49,36336,11,6,1,1,0,0,1
"1120",9500,0,41,30000,12,3,0,0,1,1,0
"1121",-3887,0,42,33021,18,1,0,0,1,0,0
"1122",47488,0,48,26916,16,1,0,0,1,1,0
"1123",16999,0,26,33651,14,1,0,0,0,0,0
"1124",-5850,0,40,36015,18,1,0,0,1,0,0
"1125",-400,0,38,33192,16,2,0,0,0,0,0
"1126",33449,0,62,28200,12,3,1,0,0,1,1
"1127",889,0,56,32007,17,2,1,0,1,0,1
"1128",-1302,0,36,28476,13,4,1,1,1,0,1
"1129",33600,0,37,32394,12,3,0,0,0,0,0
"1130",8220,0,58,27264,12,3,1,1,0,0,0
"1131",-6000,0,42,30000,18,4,1,0,0,0,0
"1132",-5872,0,29,28005,12,5,1,0,0,0,0
"1133",1000,0,28,28554,15,4,1,0,0,0,1
"1134",4400,0,32,34233,15,4,1,1,0,0,0
"1135",-4918,0,42,28377,12,4,1,1,0,0,1
"1136",550,0,46,32895,11,1,0,0,1,0,1
"1137",-6200,0,34,36120,12,3,1,1,0,0,0
"1138",23850,0,33,34806,13,3,0,0,1,0,1
"1139",450,0,44,37260,16,4,1,0,0,0,1
"1140",-5008,0,40,36621,6,5,1,0,0,0,1
"1141",1020,0,48,32595,11,4,1,0,0,0,1
"1142",93970,0,45,34644,8,3,1,0,0,1,1
"1143",-4880,0,31,27729,6,6,1,1,0,0,1
"1144",-8900,0,61,26982,13,1,0,0,1,0,0
"1145",-13486,0,53,27336,6,6,1,1,0,0,1
"1146",920,0,31,32370,16,1,0,0,0,0,0
"1147",1925,0,41,36435,12,6,1,0,0,0,1
"1148",58190,0,49,30420,16,3,0,0,0,1,1
"1149",5249,0,30,31098,16,1,0,0,0,0,0
"1150",11999,0,35,31200,12,1,0,0,0,1,1
"1151",13139,0,42,32142,14,5,1,1,0,1,1
"1152",1877,0,40,27684,12,3,1,1,1,0,0
"1153",2475,0,33,35400,12,2,0,0,0,0,1
"1154",3810,0,36,28464,12,3,0,0,0,0,0
"1155",750,0,25,27657,12,1,0,0,0,0,0
"1156",-19175,0,30,28716,15,4,1,0,0,0,0
"1157",2049,0,38,30003,13,4,1,1,0,1,1
"1158",82500,0,58,34800,18,1,0,0,1,1,1
"1159",-200,0,26,31488,16,2,1,1,0,0,0
"1160",58386,0,48,30438,1,3,1,0,0,1,0
"1161",-2970,0,25,31698,17,1,0,0,0,0,0
"1162",2150,0,48,31905,12,2,1,0,0,1,1
"1163",11425,0,27,36639,14,4,1,1,0,1,1
"1164",-13901,0,42,34227,16,4,1,0,0,0,0
"1165",-1700,0,58,29724,12,3,1,1,1,0,1
"1166",-1600,0,60,31605,12,1,0,0,1,0,1
"1167",-800,0,33,28554,12,3,1,0,0,0,0
"1168",58100,0,45,32250,14,2,0,0,0,1,1
"1169",-3800,0,44,34965,17,3,0,0,0,0,1
"1170",33000,0,47,33687,16,4,1,0,0,1,1
"1171",2000,0,27,31308,12,1,0,0,0,0,0
"1172",1371,0,34,30534,12,2,1,1,0,0,1
"1173",-14578,0,54,32076,3,3,0,0,0,0,0
"1174",6848,0,64,32817,13,2,1,1,0,0,1
"1175",5010,0,50,32940,12,3,1,0,1,0,0
"1176",-7545,0,27,26940,18,1,0,0,0,0,0
"1177",5155,0,36,35154,12,2,1,1,0,1,1
"1178",40548,0,60,29100,11,2,1,1,0,0,1
"1179",-4300,0,30,31086,12,4,1,1,0,0,0
"1180",-296,0,27,32154,13,3,1,1,0,0,0
"1181",2300,0,41,28050,16,4,0,0,0,1,1
"1182",-100,0,26,32016,12,3,1,1,0,0,1
"1183",-2750,0,60,33987,12,2,1,0,0,0,1
"1184",4600,0,34,31839,18,2,1,1,0,1,1
"1185",200,0,30,29772,12,4,1,1,0,0,1
"1186",1340,0,41,29715,15,1,0,0,1,0,1
"1187",5,0,31,28356,12,5,1,1,0,0,0
"1188",-7500,0,33,31260,12,4,1,1,0,0,0
"1189",-22065,0,48,26952,13,6,1,0,0,0,1
"1190",400,0,56,32376,12,2,1,0,0,0,1
"1191",100,0,47,32043,14,1,0,0,0,0,0
"1192",800,0,48,37080,12,4,1,1,0,0,1
"1193",100,0,37,32427,12,2,1,1,0,0,0
"1194",12000,0,55,34542,12,4,1,1,0,0,1
"1195",1700,0,40,33066,8,4,1,0,0,0,0
"1196",15149,0,63,36978,14,1,0,0,0,0,1
"1197",1849,0,28,29934,14,2,1,0,0,0,0
"1198",5241,0,34,28410,15,2,0,0,1,0,0
"1199",-1850,0,37,28065,14,4,1,1,0,0,1
"1200",-2500,0,57,26832,12,2,1,0,1,0,1
"1201",7749,0,26,31395,16,2,1,1,0,0,1
"1202",-1000,0,38,30540,11,4,1,1,0,0,1
"1203",-5100,0,48,35700,12,4,1,0,0,0,1
"1204",-180,0,28,28572,12,1,0,0,0,0,0
"1205",3000,0,53,28980,12,1,0,0,0,0,1
"1206",100,0,36,34386,12,4,1,1,0,0,1
"1207",3300,0,34,26991,13,4,1,1,0,1,1
"1208",-1600,0,36,36000,12,4,1,0,0,0,1
"1209",1174,0,25,30219,14,4,1,1,0,0,1
"1210",-3980,0,54,27870,12,4,1,0,0,0,1
"1211",-11000,0,28,31824,12,5,1,1,0,0,1
"1212",9400,0,31,32202,11,3,1,1,0,0,0
"1213",-900,0,35,28755,12,7,1,1,1,0,1
"1214",7049,0,30,36693,12,4,1,1,0,0,1
"1215",-4200,0,40,31860,16,3,0,0,0,0,1
"1216",-3088,0,45,28944,12,3,1,0,0,0,0
"1217",-4850,0,39,28125,14,4,1,1,1,0,0
"1218",11997,0,51,30456,12,3,1,1,0,0,1
"1219",-8900,0,30,28443,16,1,0,0,0,0,0
"1220",13400,0,26,32070,16,2,1,1,0,1,0
"1221",0,0,64,30174,18,1,0,0,0,0,0
"1222",650,0,61,30513,11,2,1,0,0,0,1
"1223",-21450,0,41,26901,15,2,0,0,0,0,0
"1224",0,0,55,32640,13,3,1,1,0,0,0
"1225",10960,1,42,34764,18,3,0,0,0,1,1
"1226",5696,1,33,36963,14,1,0,0,1,0,1
"1227",3490,1,37,26895,12,1,0,0,1,0,1
"1228",-500,1,31,32412,12,8,1,1,0,0,1
"1229",19205,1,55,37026,12,2,1,1,1,1,1
"1230",-1000,1,43,29544,12,4,1,0,0,0,1
"1231",20600,1,61,32490,10,3,0,0,1,0,0
"1232",350,1,29,35670,12,4,1,1,1,0,1
"1233",-802,1,41,35772,12,4,1,1,0,0,1
"1234",-11892,1,41,37242,8,4,1,1,0,0,1
"1235",18699,1,55,34770,12,5,1,1,1,1,1
"1236",123639,1,43,29466,18,2,0,0,0,1,1
"1237",200,1,45,29838,8,4,1,0,0,0,1
"1238",0,1,42,29070,1,2,0,0,0,0,1
"1239",73999,1,61,31017,12,1,0,0,1,1,1
"1240",-4000,1,40,35718,12,2,1,1,0,0,0
"1241",-4400,1,25,27615,14,1,0,0,0,0,0
"1242",550,1,26,29580,16,1,0,0,1,0,1
"1243",-7600,1,28,28764,16,1,0,0,0,0,0
"1244",8345,1,38,35718,12,3,1,1,0,0,1
"1245",50,1,59,30000,12,3,1,0,0,0,1
"1246",-4602,1,59,36864,12,2,1,0,0,1,1
"1247",-190,1,46,27900,16,1,0,0,1,0,1
"1248",400,1,28,30129,12,1,0,0,1,0,0
"1249",36500,1,56,34743,12,4,1,1,0,1,1
"1250",2859,1,35,27600,12,3,1,1,0,1,1
"1251",-4408,1,38,29391,12,1,0,0,1,0,1
"1252",-26670,1,34,36411,18,2,0,0,1,0,1
"1253",5100,1,35,27600,16,1,0,0,1,0,1
"1254",5335,1,54,31098,12,2,1,0,0,0,1
"1255",22499,1,53,28896,9,3,1,1,0,0,1
"1256",-10550,1,25,31635,12,3,1,1,1,0,1
"1257",42558,1,35,36234,16,1,0,0,0,0,0
"1258",3700,1,44,26880,13,1,0,0,1,0,0
"1259",50300,1,37,36417,12,5,1,1,0,1,1
"1260",-1122,1,42,32439,13,1,0,0,0,1,1
"1261",7000,1,25,33630,16,1,0,0,0,0,0
"1262",49370,1,43,33636,18,2,0,0,1,0,0
"1263",13400,1,45,32973,17,1,0,0,1,0,0
"1264",6299,1,34,32226,12,3,0,0,0,0,0
"1265",3728,1,52,32973,12,1,0,0,1,0,1
"1266",1252,1,25,37194,16,1,0,0,0,0,0
"1267",2300,1,30,29958,16,1,0,0,0,0,0
"1268",49043,1,64,27000,16,1,0,0,1,1,1
"1269",0,1,39,28050,12,5,1,1,1,0,0
"1270",1250,1,33,27033,12,4,1,0,0,0,1
"1271",48200,1,27,30015,17,1,0,0,0,0,0
"1272",7349,1,58,33471,10,3,1,0,0,0,1
"1273",11900,1,42,26718,18,1,0,0,0,1,1
"1274",-365,1,35,27840,14,2,0,0,0,0,0
"1275",5800,1,44,31833,16,2,0,0,1,1,1
"1276",37099,1,64,30432,16,1,0,0,0,1,1
"1277",-1900,1,42,27231,13,1,0,0,1,0,0
"1278",55999,1,39,32253,18,1,0,0,1,0,0
"1279",15000,1,46,31719,18,3,0,0,1,1,0
"1280",19304,1,43,28716,17,2,0,0,0,0,1
"1281",30626,1,38,36243,16,6,1,0,0,1,1
"1282",10700,1,54,27390,12,6,1,1,0,0,1
"1283",300,1,33,30438,14,4,1,0,0,0,1
"1284",44364,1,48,34275,12,6,1,1,1,1,1
"1285",27798,1,50,34470,13,5,1,0,0,0,1
"1286",-16000,1,50,33690,12,1,0,0,1,0,0
"1287",11638,1,27,36474,14,4,1,0,0,0,0
"1288",9687,1,42,27948,16,2,0,0,1,1,0
"1289",15000,1,34,31902,15,2,0,0,0,0,0
"1290",-29100,1,48,28713,12,5,1,1,1,0,1
"1291",1249,1,37,34359,12,2,1,1,1,1,0
"1292",1960,1,29,27096,12,5,1,1,0,0,1
"1293",29600,1,45,29100,15,1,0,0,0,1,1
"1294",6700,1,35,35358,16,1,0,0,1,0,0
"1295",10200,1,36,33960,4,13,1,0,0,0,0
"1296",-8690,1,28,30897,18,2,0,0,0,0,0
"1297",12700,1,57,26940,12,3,1,0,1,0,1
"1298",3000,1,29,31842,18,1,0,0,0,0,1
"1299",15100,1,37,36984,12,5,1,1,0,0,1
"1300",0,1,62,32616,12,3,1,1,1,0,1
"1301",-1,1,41,27786,16,3,1,1,1,0,1
"1302",-9358,1,52,32073,12,5,1,0,0,0,1
"1303",1700,1,43,29604,14,1,0,0,1,0,1
"1304",-7500,1,46,35310,13,4,0,0,1,1,1
"1305",25293,1,49,34047,12,3,1,1,0,0,1
"1306",-117,1,37,35175,9,5,1,1,0,0,1
"1307",6000,1,30,36720,8,3,1,1,1,0,1
"1308",18799,1,57,32100,12,2,1,1,0,0,1
"1309",141125,1,46,35304,12,4,1,1,0,0,1
"1310",-9165,1,49,36630,14,4,1,1,1,1,1
"1311",2000,1,50,29784,7,4,1,1,1,0,1
"1312",-900,1,42,32100,13,1,0,0,0,0,0
"1313",5000,1,56,31131,12,3,1,1,0,0,1
"1314",9249,1,62,31059,12,2,1,0,0,1,1
"1315",-7500,1,25,31215,17,1,0,0,1,0,0
"1316",1953,1,45,28539,12,3,1,1,0,0,1
"1317",14000,1,33,30000,14,1,0,0,0,0,0
"1318",4700,1,30,33435,12,4,1,0,0,0,0
"1319",-5000,1,28,32160,11,5,1,1,0,0,1
"1320",-3490,1,39,31878,13,5,1,1,1,0,0
"1321",23500,1,37,34032,16,1,0,0,1,1,1
"1322",-900,1,43,36612,14,2,1,1,1,0,1
"1323",22700,1,30,36486,9,5,1,0,0,0,1
"1324",-1900,1,39,31950,14,5,1,0,0,0,1
"1325",87920,1,38,35982,16,4,1,0,0,1,1
"1326",499,1,42,32418,13,1,0,0,0,0,0
"1327",3000,1,51,37098,12,4,1,1,0,0,1
"1328",35199,1,50,32805,12,6,1,0,0,0,1
"1329",1500,1,47,33819,12,3,1,1,1,0,1
"1330",8174,1,47,31890,7,4,1,1,0,0,1
"1331",750,1,31,30918,12,4,1,0,0,0,1
"1332",2080,1,34,31983,13,4,1,0,0,0,1
"1333",5709,1,35,28407,11,4,1,1,0,0,0
"1334",30740,1,53,31350,12,1,0,0,0,1,1
"1335",-8000,1,40,33714,12,3,1,1,0,0,0
"1336",1243,1,43,27048,12,4,1,1,0,0,1
"1337",-1894,1,37,29523,13,4,1,0,0,0,1
"1338",11730,1,43,35331,8,3,1,1,0,0,0
"1339",25449,1,56,33717,12,2,1,1,0,1,1
"1340",11600,1,26,36972,17,1,0,0,1,0,0
"1341",46729,1,47,31908,17,3,0,0,0,0,1
"1342",2020,1,27,27657,14,1,0,0,1,0,0
"1343",420,1,32,28374,16,2,1,0,1,0,0
"1344",56800,1,44,28125,11,4,1,0,0,1,1
"1345",-1801,1,31,31971,12,4,1,1,0,0,1
"1346",-17531,1,52,30078,4,2,1,1,0,0,1
"1347",-3029,1,52,27711,12,4,1,1,0,0,0
"1348",-15900,1,26,27693,16,1,0,0,0,0,0
"1349",272,1,27,31068,12,4,1,1,1,0,0
"1350",2899,1,36,34962,12,5,1,0,0,0,1
"1351",1961,1,40,27117,12,4,1,0,0,0,1
"1352",-300,1,56,30294,11,6,0,0,0,0,1
"1353",550,1,36,33462,12,4,1,1,0,0,1
"1354",3673,1,29,28122,13,2,0,0,0,0,1
"1355",15000,1,29,33375,13,4,1,0,0,0,1
"1356",71600,1,56,34002,12,2,0,0,1,0,1
"1357",25654,1,37,26781,16,1,0,0,0,1,1
"1358",-790,1,53,28041,16,1,0,0,1,0,1
"1359",1400,1,28,30381,16,3,1,1,1,0,0
"1360",-5820,1,30,33585,16,1,0,0,0,1,0
"1361",-613,1,43,26877,8,3,1,1,0,0,0
"1362",53539,1,36,35136,16,4,1,0,0,0,1
"1363",12999,1,49,37182,16,2,1,0,0,0,1
"1364",38845,1,43,33312,17,4,1,1,0,1,1
"1365",3000,1,61,35292,10,1,0,0,0,0,0
"1366",-1884,1,38,35757,12,2,1,1,0,0,0
"1367",24082,1,45,34095,18,2,0,0,0,1,1
"1368",-4497,1,35,32400,13,2,0,0,0,0,0
"1369",-2300,1,37,36384,16,3,1,1,1,0,1
"1370",-800,1,43,29373,16,4,0,0,1,0,1
"1371",-8790,1,38,37140,18,1,0,0,1,0,1
"1372",-2586,1,38,33606,12,7,1,0,0,0,1
"1373",-700,1,30,33111,12,5,1,0,0,0,1
"1374",1256,1,47,30645,16,3,0,0,1,0,1
"1375",7000,1,52,29100,12,1,0,0,1,0,0
"1376",29000,1,44,36966,13,3,1,1,1,1,1
"1377",24680,1,43,33150,17,2,0,0,1,0,1
"1378",-54,1,49,36684,12,3,1,1,1,0,1
"1379",19460,1,35,33834,13,4,1,1,0,0,1
"1380",-927,1,30,36144,16,4,1,0,0,0,1
"1381",1312,1,26,29344,12,3,0,0,0,0,0
"1382",3000,1,48,36528,6,6,1,1,0,0,1
"1383",-4900,1,37,35976,13,4,0,0,1,0,1
"1384",41200,1,29,36192,16,1,0,0,1,0,0
"1385",-350,1,32,27285,12,8,1,1,0,0,0
"1386",3000,1,32,32427,13,3,1,1,0,1,1
"1387",-1724,1,33,28083,13,3,1,1,0,0,0
"1388",-5600,1,27,28464,16,4,1,0,0,0,1
"1389",4600,1,29,36801,16,3,1,0,0,0,1
"1390",5000,1,31,28635,12,1,0,0,1,0,1
"1391",-1350,1,31,30198,14,1,0,0,1,0,0
"1392",49549,1,50,30189,9,3,1,1,0,0,1
"1393",-851,1,40,33615,17,4,0,0,1,0,1
"1394",-7350,1,26,35244,15,2,1,1,1,0,0
"1395",-30,1,34,30231,13,4,1,1,0,0,0
"1396",-2625,1,29,32985,14,5,1,1,1,0,1
"1397",-15345,1,32,36015,12,6,1,0,0,0,1
"1398",60,1,38,37200,13,4,1,1,1,0,1
"1399",2075,1,38,27684,12,3,0,0,0,0,1
"1400",-3400,1,39,30324,16,3,0,0,1,0,0
"1401",-2150,1,30,34413,12,2,1,1,1,0,0
"1402",4412,1,36,28500,12,3,0,0,1,0,0
"1403",-700,1,37,26526,12,3,0,0,0,0,1
"1404",5980,1,27,31893,14,3,1,0,0,0,1
"1405",1900,1,49,36642,12,6,1,0,0,0,1
"1406",39271,1,54,36012,12,1,0,0,0,1,1
"1407",-2500,1,31,26925,12,1,0,0,0,0,0
"1408",5513,1,33,29325,12,4,1,1,0,0,1
"1409",-1400,1,33,35700,10,6,1,1,0,0,0
"1410",26550,1,39,30024,12,2,0,0,0,0,1
"1411",4700,1,26,36492,12,4,1,1,0,1,1
"1412",47459,1,51,33585,18,1,0,0,1,1,0
"1413",-7100,1,38,35157,12,4,1,0,0,0,0
"1414",19598,1,42,37236,16,2,1,1,0,1,1
"1415",1180,1,37,37275,12,6,1,1,0,1,1
"1416",8088,1,55,28920,14,1,0,0,0,0,1
"1417",21000,1,45,34986,14,1,0,0,1,1,1
"1418",16775,1,36,34140,16,3,1,1,0,1,1
"1419",7676,1,39,29577,12,5,1,0,0,0,1
"1420",9000,1,50,35754,12,2,0,0,1,0,1
"1421",-2200,1,37,28443,12,4,1,0,0,0,1
"1422",-3700,1,34,26526,12,1,0,0,1,0,0
"1423",1000,1,58,29472,12,2,1,0,0,0,1
"1424",27500,1,54,36375,15,1,0,0,1,0,1
"1425",0,1,25,28050,12,3,1,0,0,0,0
"1426",14699,1,26,28950,12,3,1,0,0,0,1
"1427",24335,1,44,33852,10,5,1,1,1,0,1
"1428",10316,1,35,32265,17,5,1,1,1,0,1
"1429",-2700,1,53,31470,12,7,1,0,1,0,1
"1430",-504,1,38,28056,12,1,0,0,0,0,0
"1431",-400,1,53,31386,12,3,0,0,0,0,0
"1432",16700,1,31,28047,12,1,0,0,1,0,0
"1433",-2765,1,48,30846,15,1,0,0,1,0,1
"1434",30960,1,35,30090,14,3,0,0,1,0,1
"1435",3570,1,53,27300,10,2,1,0,0,0,1
"1436",-2180,1,26,27423,12,4,1,0,0,0,1
"1437",52475,1,51,31650,17,1,0,0,0,1,1
"1438",4020,1,46,28491,10,3,0,0,0,0,1
"1439",1000,1,41,27540,12,6,1,1,0,0,1
"1440",21671,1,34,35412,16,2,1,0,0,1,0
"1441",88028,1,53,36399,12,4,1,0,0,1,1
"1442",-11641,1,33,33849,12,5,1,0,0,0,1
"1443",6899,1,56,34350,18,1,0,0,1,0,0
"1444",-531,1,54,33573,13,2,1,1,1,0,0
"1445",13500,1,31,30576,18,1,0,0,1,0,0
"1446",4000,1,30,28659,17,3,1,1,1,0,0
"1447",-2606,1,47,36222,12,5,1,1,0,0,1
"1448",59500,1,62,31338,18,1,0,0,1,0,1
"1449",-3651,1,40,27915,16,1,0,0,0,0,0
"1450",10329,1,64,37242,14,2,1,0,0,0,1
"1451",22350,1,41,32610,15,2,0,0,1,1,1
"1452",-6500,1,31,32580,12,3,0,0,1,0,0
"1453",500,1,26,34275,15,1,0,0,0,0,1
"1454",1226,1,64,34035,12,3,1,1,1,0,1
"1455",2060,1,41,34794,12,4,1,1,0,1,1
"1456",9855,1,42,35244,18,1,0,0,1,1,1
"1457",-21800,1,45,28584,15,3,1,1,0,0,1
"1458",22700,1,51,30537,13,1,0,0,0,0,1
"1459",600,1,38,33579,16,1,0,0,0,0,0
"1460",1100,1,28,32034,16,1,0,0,0,0,0
"1461",-340,1,26,31689,12,2,1,1,0,0,0
"1462",5059,1,45,36060,13,3,0,0,1,0,1
"1463",31500,1,46,32637,15,1,0,0,0,0,1
"1464",-4010,1,35,33762,14,2,1,0,0,0,1
"1465",3200,1,37,26868,12,4,0,0,1,0,1
"1466",6775,1,51,28902,12,2,1,1,0,0,1
"1467",3000,1,26,36930,12,3,1,1,0,0,0
"1468",5528,1,28,31203,16,2,0,0,1,0,1
"1469",17420,1,30,36750,14,1,0,0,0,0,0
"1470",-410,1,42,34440,1,1,0,0,1,0,0
"1471",1499,1,44,32910,12,5,1,1,0,0,1
"1472",7744,1,37,36882,12,4,1,0,0,0,1
"1473",-13325,1,34,33669,12,3,0,0,0,0,1
"1474",5269,1,49,29013,12,3,0,0,1,0,1
"1475",4500,1,32,36408,14,2,1,1,1,0,1
"1476",0,1,33,28200,12,3,1,1,0,0,0
"1477",7000,1,45,27600,17,1,0,0,0,1,1
"1478",2500,1,42,27990,12,4,1,1,0,0,1
"1479",3440,1,49,30246,18,2,1,0,0,1,1
"1480",48799,1,41,37254,12,3,1,1,0,1,1
"1481",7485,1,37,31416,12,5,1,1,0,0,1
"1482",9160,1,60,30735,12,2,1,1,0,1,1
"1483",3126,1,41,30813,18,2,0,0,1,1,1
"1484",58616,1,59,29619,18,2,1,0,0,1,1
"1485",61999,1,56,33696,15,5,0,0,1,1,1
"1486",12000,1,32,28740,15,1,0,0,1,0,1
"1487",2882,1,40,36174,12,2,1,1,0,0,1
"1488",-5250,1,31,28272,16,1,0,0,1,0,1
"1489",39099,1,43,27546,12,3,1,0,0,1,1
"1490",19952,1,60,35202,12,3,1,0,1,1,1
"1491",4800,1,54,29310,18,1,0,0,1,0,1
"1492",-15250,1,37,27027,16,4,0,0,1,0,1
"1493",0,1,55,29250,12,3,1,0,0,0,0
"1494",22610,1,41,37245,16,1,0,0,1,0,1
"1495",20800,1,50,36210,13,2,1,1,0,0,1
"1496",-3135,1,30,36540,14,2,1,1,0,0,0
"1497",36274,1,59,34875,18,1,0,0,1,1,1
"1498",-1100,1,38,33048,15,2,0,0,0,0,0
"1499",34750,1,39,36060,16,1,0,0,0,1,1
"1500",-751,1,43,32046,12,4,1,1,0,0,1
"1501",38000,1,48,30804,12,2,0,0,1,0,1
"1502",65633,1,53,34584,14,1,0,0,1,1,0
"1503",2785,1,36,28872,12,3,1,0,0,0,1
"1504",3836,1,25,33174,13,3,1,0,0,0,0
"1505",52436,1,34,31242,16,2,1,1,0,1,1
"1506",500,1,46,36003,9,2,1,1,1,0,1
"1507",150640,1,52,30930,18,5,1,1,1,0,1
"1508",72,1,31,33258,12,4,1,1,0,0,1
"1509",-1597,1,39,32139,13,5,1,1,0,0,1
"1510",69849,1,47,34149,12,3,1,1,0,1,1
"1511",538,1,27,28704,14,3,0,0,0,0,0
"1512",2906,1,42,26856,14,1,0,0,0,0,1
"1513",16000,1,58,30300,18,1,0,0,1,1,0
"1514",4430,1,33,29712,14,4,1,0,0,0,0
"1515",61788,1,45,34488,12,4,1,1,0,0,1
"1516",-1450,1,26,35583,14,2,1,1,1,0,1
"1517",2400,1,30,30600,12,1,0,0,1,1,1
"1518",1209,1,31,31017,16,5,1,1,1,1,1
"1519",33000,1,34,33258,15,1,0,0,1,0,1
"1520",-4200,1,27,35736,12,1,0,0,0,0,1
"1521",-1800,1,35,28470,13,6,1,1,0,0,1
"1522",1300,1,44,32796,15,2,0,0,1,0,1
"1523",3200,1,33,30000,17,1,0,0,0,0,1
"1524",21011,1,53,29046,18,1,0,0,0,1,1
"1525",400,1,39,28425,12,1,0,0,1,0,1
"1526",24499,1,37,29400,12,3,1,1,0,1,1
"1527",-6201,1,46,31116,12,3,1,1,1,0,1
"1528",1599,1,31,36201,14,5,1,1,0,1,0
"1529",13800,1,36,35520,18,1,0,0,1,0,1
"1530",8709,1,64,34536,8,2,1,0,0,0,1
"1531",-4700,1,36,35730,16,1,0,0,1,0,0
"1532",10074,1,36,35364,18,2,1,0,0,0,0
"1533",-72800,1,28,31200,16,2,1,1,1,0,0
"1534",2400,1,42,36939,16,1,0,0,1,0,1
"1535",2000,1,25,31992,12,1,0,0,1,0,0
"1536",-14675,1,42,35112,15,2,0,0,0,0,1
"1537",-5280,1,32,30360,14,3,0,0,1,0,0
"1538",21350,1,36,33030,11,5,1,1,0,1,1
"1539",10161,1,27,36432,16,1,0,0,1,1,0
"1540",14875,1,37,36090,16,1,0,0,0,1,0
"1541",-456,1,53,34653,12,1,1,0,1,0,1
"1542",-4240,1,31,28035,13,2,0,0,0,0,0
"1543",42390,1,27,30792,17,1,0,0,0,0,1
"1544",2500,1,51,30144,12,2,0,0,0,0,1
"1545",-200,1,54,31203,11,5,1,1,1,0,1
"1546",-2700,1,52,35496,12,4,1,0,0,0,0
"1547",2732,1,45,36294,16,3,0,0,0,1,0
"1548",34300,1,36,36876,16,4,1,0,0,1,1
"1549",3700,1,39,32550,16,3,0,0,1,0,1
"1550",31536,1,34,34698,12,2,0,0,1,0,0
"1551",1700,1,60,31275,12,2,1,0,0,0,1
"1552",-11530,1,43,34404,12,4,1,1,0,0,1
"1553",-4607,1,44,31911,9,1,0,0,0,0,0
"1554",43799,1,46,30933,12,1,0,0,0,0,0
"1555",10853,1,45,28602,13,2,0,0,1,0,0
"1556",-695,1,39,31608,12,1,0,0,1,0,0
"1557",51000,1,45,31047,12,4,1,1,1,0,0
"1558",949,1,42,32727,12,2,0,0,1,0,0
"1559",-23162,1,32,31644,12,4,1,1,1,0,1
"1560",571,1,31,28359,13,3,1,1,1,0,0
"1561",1000,1,31,35586,12,3,1,1,0,0,1
"1562",4350,1,30,27753,14,1,0,0,0,0,1
"1563",25949,1,56,27492,12,1,0,0,0,0,1
"1564",4000,1,40,35190,16,4,1,0,0,0,1
"1565",122448,1,46,29526,16,1,0,0,1,1,1
"1566",47500,1,46,35640,16,1,0,0,1,1,0
"1567",0,1,43,30000,14,1,1,0,1,0,0
"1568",-1800,1,43,27354,12,3,0,0,0,0,1
"1569",-4331,1,38,27693,16,1,0,0,1,0,1
"1570",0,1,27,31005,12,1,0,0,1,0,0
"1571",25599,1,37,35916,18,1,0,0,1,0,0
"1572",-2981,1,29,28050,10,4,1,1,1,0,0
"1573",21100,1,28,29970,16,2,1,0,1,1,0
"1574",4899,1,27,36201,12,5,1,1,0,0,1
"1575",22749,1,35,34854,12,2,1,1,1,0,1
"1576",-4384,1,43,34752,16,1,0,0,1,0,1
"1577",18000,1,34,33084,14,4,1,0,0,0,1
"1578",39036,1,42,29289,14,3,0,0,1,0,1
"1579",2300,1,32,27405,13,2,0,0,1,0,1
"1580",124000,1,41,28350,14,4,1,1,0,1,1
"1581",12452,1,43,33954,16,5,1,0,0,1,1
"1582",12950,1,58,37068,8,2,1,0,0,0,1
"1583",-1050,1,31,31434,18,1,0,0,1,0,0
"1584",4339,1,38,28131,16,3,0,0,0,0,0
"1585",-13670,1,55,33738,17,2,1,0,0,0,0
"1586",62679,1,28,26646,16,1,0,0,1,0,0
"1587",2329,1,44,26844,12,2,1,1,1,1,1
"1588",12049,1,43,32712,14,4,1,1,1,0,1
"1589",2000,1,36,30450,12,2,1,1,1,1,0
"1590",16170,1,46,36525,12,2,0,0,1,0,0
"1591",47300,1,53,30900,12,2,0,0,0,0,1
"1592",20084,1,38,33921,16,4,1,1,0,1,0
"1593",7500,1,35,33690,12,3,1,1,0,0,0
"1594",10150,1,29,36294,14,4,1,1,0,1,1
"1595",77200,1,36,33312,12,2,0,0,1,0,1
"1596",41750,1,50,35700,18,1,0,0,1,0,0
"1597",1049,1,37,33489,18,1,0,0,0,1,1
"1598",23312,1,41,27111,12,4,1,1,0,0,1
"1599",12596,1,36,36552,12,4,1,1,0,0,1
"1600",-3100,1,46,27000,16,2,1,0,1,0,1
"1601",3750,1,43,28080,12,4,0,0,0,0,0
"1602",4847,1,33,32739,15,3,0,0,0,0,1
"1603",18500,1,35,29970,12,2,0,0,0,0,0
"1604",21900,1,44,29913,12,1,0,0,1,0,0
"1605",-2542,1,34,27213,12,4,1,1,1,0,1
"1606",-4201,1,28,37170,18,2,1,1,0,0,1
"1607",131408,1,48,34290,16,2,1,0,1,1,1
"1608",53749,1,52,35424,12,3,1,0,0,0,1
"1609",24699,1,56,34803,14,2,1,1,1,1,0
"1610",-2600,1,64,36693,12,8,1,1,0,0,1
"1611",22050,1,37,30504,12,2,0,0,0,0,1
"1612",5299,1,27,26901,12,2,1,1,0,1,0
"1613",-8950,1,29,29997,12,4,1,0,0,0,0
"1614",5250,1,30,26877,8,1,0,0,0,0,0
"1615",66674,1,37,35328,16,6,1,0,0,1,1
"1616",5162,1,36,36354,12,1,0,0,1,0,1
"1617",-2950,1,41,35772,15,4,1,1,0,0,1
"1618",-6594,1,32,36012,18,1,0,0,0,0,0
"1619",34908,1,43,31239,12,3,1,0,0,0,0
"1620",2570,1,31,33693,13,1,0,0,1,0,0
"1621",-750,1,28,31926,12,2,1,1,0,0,0
"1622",19600,1,31,36936,16,1,0,0,0,0,0
"1623",10410,1,33,26943,14,2,0,0,0,0,0
"1624",84228,1,56,29556,12,2,1,0,0,1,1
"1625",59400,1,38,29220,15,3,1,1,0,0,1
"1626",4799,1,62,30558,12,4,1,1,1,0,1
"1627",1574,1,38,33345,12,4,1,1,0,0,1
"1628",16700,1,31,29562,17,1,0,0,0,0,0
"1629",6227,1,52,30150,8,2,1,1,1,0,1
"1630",30900,1,26,36459,14,4,1,1,0,0,0
"1631",5500,1,29,36000,16,1,0,0,0,1,0
"1632",4015,1,60,29148,13,3,1,1,0,0,1
"1633",120700,1,54,31896,17,1,0,0,0,0,1
"1634",2200,1,27,29760,16,4,1,1,0,0,0
"1635",-250,1,40,35064,12,5,1,1,1,0,1
"1636",124100,1,35,32874,16,1,0,0,0,0,1
"1637",-3200,1,44,35652,18,2,0,0,1,0,1
"1638",950,1,30,27927,12,4,1,1,0,0,0
"1639",1500,1,25,30960,12,1,0,0,0,0,0
"1640",12600,1,39,31530,16,1,0,0,0,0,1
"1641",-6190,1,49,31176,12,1,0,0,1,0,1
"1642",10269,1,35,29427,12,1,0,0,1,0,0
"1643",19700,1,56,32520,2,3,1,1,0,1,1
"1644",-11010,1,25,34200,13,3,1,1,0,0,1
"1645",-30000,1,30,33270,17,3,1,1,0,0,1
"1646",3880,1,26,34518,12,3,1,1,0,0,1
"1647",-2801,1,36,33270,10,8,1,0,0,0,1
"1648",65398,1,60,33663,12,2,1,1,1,1,1
"1649",37100,1,38,27060,13,3,0,0,1,0,1
"1650",11760,1,27,26523,16,3,1,0,0,1,1
"1651",-5075,1,52,31998,12,2,1,1,1,0,0
"1652",-3600,1,54,29370,8,4,1,0,0,0,1
"1653",-15720,1,27,30000,18,1,0,0,0,0,0
"1654",-11400,1,33,34671,16,1,0,0,0,0,0
"1655",-4245,1,26,33363,12,4,1,1,0,0,1
"1656",8850,1,52,30102,16,3,1,1,1,0,1
"1657",35400,1,39,36930,14,3,0,0,0,0,0
"1658",8814,1,25,36531,17,1,0,0,1,0,0
"1659",200,1,42,28245,18,2,1,1,1,0,0
"1660",19949,1,48,26925,14,4,0,0,1,1,1
"1661",5100,1,35,34080,8,6,1,1,0,0,1
"1662",9040,1,44,31665,9,4,1,1,0,0,1
"1663",-578,1,36,34392,13,4,1,1,1,0,0
"1664",6505,1,41,30321,12,6,1,1,1,0,1
"1665",52499,1,38,29952,16,1,0,0,0,1,0
"1666",51499,1,61,28080,12,4,0,0,1,1,1
"1667",2000,1,34,31722,12,3,1,1,0,0,1
"1668",28300,1,30,35940,13,4,1,0,0,0,1
"1669",7650,1,27,28458,16,1,0,0,0,0,0
"1670",14499,1,48,36900,18,1,0,0,0,0,1
"1671",3050,1,48,34452,9,6,1,1,0,0,1
"1672",17500,1,46,36120,12,3,1,0,0,0,1
"1673",12400,1,45,36390,16,1,0,0,0,1,0
"1674",11600,1,31,30000,15,2,1,1,0,1,0
"1675",2750,1,30,30120,18,1,0,0,0,0,1
"1676",950,1,35,31626,16,1,0,0,0,0,0
"1677",-3750,1,42,28845,16,2,1,0,1,0,1
"1678",3049,1,38,26964,14,4,1,0,0,0,1
"1679",4499,1,34,34557,16,2,1,1,0,0,1
"1680",24100,1,37,32865,16,3,1,1,0,1,1
"1681",42300,1,43,29688,12,5,1,1,1,0,1
"1682",8400,1,38,31077,14,4,0,0,1,0,1
"1683",-10475,1,32,28434,16,4,1,1,0,0,1
"1684",8412,1,46,33420,16,2,0,0,1,0,0
"1685",1999,1,33,31203,12,4,1,1,0,0,1
"1686",5400,1,32,34215,16,4,1,0,0,0,0
"1687",-1000,1,38,28320,14,3,1,0,0,0,1
"1688",4200,1,41,36975,13,6,1,0,0,0,1
"1689",2750,1,36,28800,12,4,1,0,0,0,0
"1690",-3490,1,36,35196,10,2,0,0,1,0,1
"1691",112749,1,39,31845,13,3,1,0,0,0,0
"1692",19799,1,61,28194,12,2,1,1,0,0,1
"1693",4499,1,50,30138,12,4,1,1,1,0,1
"1694",249,1,33,31014,14,1,0,0,1,0,1
"1695",-8300,1,38,29046,12,5,1,0,0,0,1
"1696",34000,1,34,29376,14,1,0,0,1,0,1
"1697",16200,1,36,33738,12,5,1,1,0,0,1
"1698",50248,1,50,34545,13,2,1,1,0,0,0
"1699",-451,1,42,27261,12,4,1,1,0,0,1
"1700",100,1,32,36000,12,3,1,0,1,0,0
"1701",1400,1,36,36750,18,4,0,0,1,0,0
"1702",1934,1,34,30543,14,3,0,0,1,0,1
"1703",0,1,30,27414,14,4,1,1,0,0,0
"1704",18930,1,43,28080,12,5,1,0,0,0,1
"1705",327,1,26,28683,12,3,1,0,0,0,0
"1706",37348,1,55,36720,8,2,1,1,0,1,1
"1707",15250,1,35,31050,15,3,1,0,0,0,1
"1708",6444,1,43,30318,13,1,0,0,1,0,1
"1709",3559,1,39,34596,14,4,0,0,1,0,1
"1710",-3424,1,26,34356,11,4,1,0,0,0,1
"1711",9223,1,56,27276,12,1,0,0,0,0,0
"1712",43999,1,42,33336,13,5,1,0,0,1,1
"1713",-3120,1,25,34800,12,2,1,1,0,0,1
"1714",-470,1,27,27966,16,2,1,1,0,0,1
"1715",-1,1,41,30654,12,3,1,1,0,0,1
"1716",15508,1,56,31680,12,1,0,0,1,1,1
"1717",-3500,1,31,29937,12,6,1,0,0,0,1
"1718",-2000,1,40,32850,13,3,0,0,1,0,0
"1719",26421,1,45,30225,14,2,0,0,1,0,0
"1720",36199,1,45,30120,12,1,0,0,1,0,1
"1721",-387,1,47,36906,12,4,1,1,0,0,1
"1722",3500,1,60,29784,12,1,0,0,1,0,1
"1723",690,1,49,27675,12,3,1,0,0,0,1
"1724",6513,1,34,26865,13,3,0,0,0,0,0
"1725",-180,1,51,30780,14,5,1,1,1,0,1
"1726",250,1,32,35607,13,6,1,1,0,0,1
"1727",31075,1,59,36342,13,1,0,0,1,0,1
"1728",-7850,1,48,27000,13,2,1,0,0,0,0
"1729",2500,1,31,36390,16,1,0,0,0,0,1
"1730",25200,1,33,35130,16,1,0,0,1,1,0
"1731",-250,1,43,31209,10,2,1,0,0,0,1
"1732",29692,1,36,32994,15,1,0,0,0,0,1
"1733",36600,1,61,29832,12,1,0,0,1,1,1
"1734",19472,1,35,30147,14,2,1,1,0,1,0
"1735",92810,1,49,35142,16,1,0,0,1,0,0
"1736",-6109,1,31,29343,15,2,1,1,0,0,1
"1737",900,1,43,27204,12,1,0,0,1,0,0
"1738",7900,1,27,37218,16,1,0,0,0,1,0
"1739",110000,1,56,27945,12,2,0,0,1,1,1
"1740",3400,1,34,33270,12,4,1,1,1,0,0
"1741",100,1,41,28143,12,4,1,0,0,0,0
"1742",10020,1,35,33150,12,5,1,1,1,0,1
"1743",18799,1,28,28215,12,5,1,0,0,0,1
"1744",4356,1,34,34062,14,1,0,0,1,0,0
"1745",1214,1,49,30600,16,5,1,1,0,0,0
"1746",13000,1,42,35100,12,4,1,1,0,0,1
"1747",-4875,1,31,27120,12,2,1,1,0,0,1
"1748",1400,1,41,29121,12,4,1,1,1,0,1
"1749",1349,1,26,30060,16,1,0,0,1,0,0
"1750",8500,1,36,36180,14,1,0,0,0,0,0
"1751",3000,1,44,33060,12,3,0,0,1,0,1
"1752",-1222,1,38,35322,16,3,0,0,1,0,1
"1753",10549,1,32,28935,12,4,1,0,0,0,1
"1754",11800,1,33,32361,12,1,0,0,1,0,1
"1755",350,1,34,28980,12,6,1,0,0,0,1
"1756",6530,1,32,33498,18,2,1,0,0,0,0
"1757",-2480,1,31,32271,12,5,1,1,0,0,1
"1758",-4493,1,27,29916,8,4,1,0,0,0,1
"1759",600,1,37,30408,12,4,1,0,1,0,1
"1760",0,1,31,28830,12,2,0,0,1,0,0
"1761",130000,1,62,27240,12,1,0,0,0,0,1
"1762",-1951,1,31,27015,13,1,0,0,0,0,0
"1763",12550,1,44,27291,12,1,0,0,0,0,1
"1764",2119,1,42,31596,12,4,1,0,0,0,1
"1765",3400,1,34,26739,12,1,0,0,1,0,0
"1766",2000,1,33,37056,12,4,1,0,0,0,0
"1767",9500,1,43,36420,17,1,0,0,1,0,0
"1768",2300,1,33,34308,12,4,1,1,0,0,0
"1769",20249,1,59,36027,12,2,1,1,0,0,1
"1770",-3420,1,51,31242,1,4,0,0,1,0,1
"1771",-2218,1,49,32430,14,1,0,0,0,0,1
"1772",25270,1,58,31689,4,2,1,1,0,0,1
"1773",-4300,1,31,29664,12,3,1,1,1,0,0
"1774",100,1,44,30105,12,2,1,1,0,0,1
"1775",4700,1,32,36300,16,1,0,0,0,0,1
"1776",2300,1,35,31224,14,1,0,0,1,0,0
"1777",10050,1,43,32433,15,2,0,0,1,0,0
"1778",44237,1,62,29880,11,1,0,0,1,0,1
"1779",25999,1,53,30765,18,1,0,0,0,0,1
"1780",60398,1,51,35472,4,2,0,0,0,0,0
"1781",500,1,29,35385,14,3,1,1,1,0,0
"1782",21950,1,47,29886,10,4,1,0,0,1,1
"1783",29759,1,25,30264,16,1,0,0,0,0,0
"1784",-1678,1,29,33744,15,2,1,1,0,0,0
"1785",4000,1,45,29250,12,4,1,1,1,0,0
"1786",9334,1,44,27390,14,4,1,1,1,0,1
"1787",17450,1,34,28740,13,6,1,0,0,0,1
"1788",5327,1,42,31131,13,3,0,0,0,0,0
"1789",24745,1,52,28233,12,3,1,0,0,1,1
"1790",-30,1,36,34329,17,1,0,0,1,0,0
"1791",74450,1,37,32343,16,1,0,0,1,0,1
"1792",2072,1,55,32805,12,3,1,1,0,0,1
"1793",779,1,62,29784,12,5,1,1,1,0,1
"1794",-383,1,45,29295,12,8,1,1,1,0,1
"1795",61899,1,58,32118,12,1,1,0,0,1,0
"1796",-17501,1,46,34770,14,4,1,0,0,0,1
"1797",35303,1,54,33705,10,2,0,0,0,1,1
"1798",15000,1,56,31350,12,3,1,0,0,1,1
"1799",-49376,1,37,33606,13,4,1,0,0,0,0
"1800",16782,1,28,29754,12,1,0,0,1,0,0
"1801",599,1,28,26550,12,4,1,0,0,0,1
"1802",2399,1,40,37188,16,3,0,0,0,0,0
"1803",1948,1,34,29019,14,5,1,0,0,0,1
"1804",3971,1,31,34710,13,4,1,1,0,1,0
"1805",1265,1,40,33993,12,1,0,0,0,0,1
"1806",4007,1,50,34986,16,1,0,0,1,0,0
"1807",66049,1,45,35913,12,4,1,0,0,0,1
"1808",-10100,1,35,31242,12,3,1,1,0,0,0
"1809",6259,1,37,36531,12,5,1,1,0,0,1
"1810",23915,1,42,27171,13,2,0,0,1,1,1
"1811",-2001,1,35,32364,12,1,0,0,0,0,1
"1812",-36000,1,50,31260,16,1,0,0,1,0,0
"1813",1500,1,33,35535,12,2,1,1,0,0,1
"1814",3600,1,43,26682,12,5,1,0,1,0,1
"1815",-2985,1,42,33903,18,3,0,0,0,0,1
"1816",12080,1,36,27000,12,4,1,0,0,0,1
"1817",400,1,33,28179,13,1,0,0,1,1,0
"1818",-13229,1,33,30714,12,5,1,1,1,0,0
"1819",-7400,1,34,26598,15,3,1,1,0,0,1
"1820",4070,1,30,34842,16,2,1,1,1,1,1
"1821",7850,1,35,28710,14,1,0,0,0,0,0
"1822",18090,1,41,34692,15,1,0,0,0,0,0
"1823",7500,1,51,27132,12,4,1,0,0,0,1
"1824",-2000,1,29,36618,15,1,0,0,1,0,0
"1825",28760,1,32,26958,16,1,0,0,1,1,1
"1826",17350,1,30,30036,16,4,1,0,0,0,1
"1827",73499,1,54,31290,12,4,1,0,0,0,1
"1828",-875,1,32,31230,17,1,0,0,1,0,0
"1829",5700,1,32,36600,12,2,1,1,0,0,1
"1830",16998,1,56,33414,11,3,1,1,1,0,1
"1831",881,1,26,29655,12,2,0,0,0,1,0
"1832",12510,1,38,31800,12,5,1,1,0,0,1
"1833",-4100,1,36,30972,12,4,1,1,1,0,0
"1834",11500,1,54,36000,15,2,0,0,0,0,0
"1835",70700,1,33,30762,13,2,0,0,0,0,1
"1836",-650,1,40,27768,12,5,1,0,0,0,1
"1837",-7250,1,41,29739,17,1,0,0,1,0,1
"1838",-6640,1,35,35124,15,2,0,0,0,0,0
"1839",5545,1,62,27684,14,2,1,0,0,1,0
"1840",1000,1,60,32640,13,2,1,0,0,0,1
"1841",53800,1,60,28440,12,2,1,1,0,1,1
"1842",24450,1,42,35733,12,5,1,0,0,0,1
"1843",6478,1,57,32913,12,2,1,0,0,0,1
"1844",-6460,1,40,34425,12,4,1,1,0,0,1
"1845",12500,1,61,32595,5,3,1,0,0,0,1
"1846",301,1,37,31500,15,6,1,1,0,0,0
"1847",-8100,1,30,35064,18,1,0,0,1,0,0
"1848",-12000,1,27,29301,12,3,1,1,1,0,0
"1849",59000,1,58,28560,12,3,1,0,0,1,1
"1850",27999,1,57,34791,12,4,1,1,0,1,1
"1851",13800,1,26,34494,13,2,1,1,0,0,1
"1852",45000,1,43,32100,15,1,0,0,1,1,1
"1853",101408,1,56,36912,12,3,1,1,1,1,1
"1854",42498,1,49,32838,13,1,0,0,1,1,0
"1855",-2500,1,42,33804,13,2,0,0,1,0,1
"1856",26800,1,61,27702,12,8,1,1,0,1,1
"1857",-2485,1,48,35082,12,4,1,1,0,0,0
"1858",7280,1,38,30510,14,2,0,0,0,0,0
"1859",450,1,47,30000,13,3,0,0,1,0,0
"1860",728,1,39,28614,16,3,1,1,0,0,1
"1861",35300,1,39,36900,13,3,1,0,0,0,1
"1862",18250,1,64,36036,13,1,0,0,1,0,1
"1863",21750,1,28,29514,12,1,1,0,0,0,0
"1864",16250,1,25,35505,12,3,1,1,0,1,1
"1865",36145,1,35,36882,12,3,1,1,0,0,1
"1866",-5715,1,42,26526,12,4,1,1,0,0,1
"1867",15500,1,25,26730,12,1,0,0,0,0,1
"1868",33313,1,44,35520,12,1,0,0,1,0,1
"1869",1750,1,30,30105,14,1,0,0,1,0,0
"1870",28049,1,37,35706,14,4,1,0,0,0,0
"1871",14950,1,35,30480,16,1,0,0,1,0,1
"1872",5800,1,33,31857,12,4,1,1,1,0,0
"1873",9500,1,33,31623,18,1,0,0,0,1,0
"1874",2200,1,29,29235,18,2,0,0,1,0,0
"1875",79518,1,39,34950,14,2,0,0,0,0,1
"1876",-120,1,28,31686,13,4,1,1,0,0,1
"1877",21068,1,33,26526,12,1,0,0,1,1,1
"1878",33075,1,33,30117,18,4,1,1,0,0,0
"1879",16900,1,42,36120,18,1,0,0,1,0,0
"1880",1499,1,38,28086,12,4,1,1,1,0,0
"1881",52015,1,39,27954,14,1,0,0,0,0,1
"1882",-16290,1,49,29139,12,5,1,0,0,0,1
"1883",18549,1,55,33540,12,2,1,1,1,1,1
"1884",-3501,1,43,34950,12,2,0,0,0,0,1
"1885",42817,1,30,31221,15,1,0,0,1,1,0
"1886",9050,1,55,37242,1,3,1,1,1,1,1
"1887",2140,1,35,32244,12,2,1,1,0,1,1
"1888",-2000,1,44,36600,12,4,1,1,0,1,1
"1889",2280,1,41,29706,16,2,0,0,1,0,1
"1890",-3395,1,29,29427,12,4,0,0,1,0,0
"1891",240,1,31,28410,7,11,1,1,0,0,0
"1892",43432,1,47,34236,12,5,1,1,1,1,0
"1893",-100,1,36,28032,12,1,0,0,1,0,0
"1894",3038,1,48,35310,12,3,1,0,0,0,1
"1895",2300,1,27,28635,12,1,0,0,0,1,0
"1896",20699,1,42,32289,13,3,1,0,0,0,1
"1897",2500,1,32,36348,12,3,1,1,1,0,1
"1898",4540,1,51,34095,15,1,0,0,1,0,1
"1899",-5975,1,44,36870,14,4,1,0,0,0,1
"1900",19188,1,45,30090,14,4,1,0,0,0,1
"1901",12418,1,64,29850,10,2,1,1,1,0,1
"1902",1198,1,53,29772,10,2,1,0,0,0,1
"1903",3100,1,33,33363,14,4,1,0,0,0,1
"1904",18500,1,40,26910,13,4,1,0,1,0,1
"1905",-2258,1,35,29586,9,5,1,0,0,0,1
"1906",42671,1,35,31950,16,4,1,1,1,1,1
"1907",13803,1,44,33471,15,1,0,0,1,0,0
"1908",5909,1,51,29196,16,5,1,0,0,1,0
"1909",16350,1,42,26580,14,5,0,0,0,0,1
"1910",26800,1,31,29061,13,3,0,0,0,0,1
"1911",-2550,1,37,35070,12,5,0,0,0,1,1
"1912",-71,1,34,36147,12,4,1,1,1,1,1
"1913",-2000,1,35,30000,12,2,1,1,0,0,0
"1914",-8000,1,37,34827,18,2,0,0,1,0,0
"1915",30725,1,48,34701,18,2,0,0,0,1,1
"1916",61699,1,35,30558,15,4,1,1,1,1,1
"1917",5800,1,41,36000,16,5,0,0,0,0,1
"1918",700,1,48,31404,12,3,1,1,0,0,0
"1919",7299,1,40,37020,12,3,1,1,0,0,1
"1920",14006,1,37,33174,15,4,1,1,0,0,1
"1921",65200,1,59,32196,13,2,0,0,1,1,1
"1922",51987,1,58,30795,12,2,1,1,0,1,0
"1923",1900,1,32,31830,14,1,0,0,1,1,1
"1924",2600,1,29,36030,16,1,0,0,1,0,0
"1925",164700,1,59,28785,15,1,0,0,1,1,0
"1926",4800,1,44,36156,12,1,0,0,1,0,1
"1927",3180,1,30,33999,18,1,0,0,1,0,1
"1928",3350,1,28,36084,18,3,0,0,0,0,0
"1929",22620,1,35,34758,12,1,0,0,0,0,1
"1930",8924,1,48,29952,12,1,0,0,1,1,1
"1931",59350,1,57,37104,10,2,1,0,0,1,1
"1932",900,1,30,36402,11,5,1,1,0,0,1
"1933",56350,1,40,35298,14,1,0,0,1,1,0
"1934",-8000,1,33,35832,12,4,1,1,1,0,1
"1935",10847,1,30,35046,14,1,0,0,0,0,0
"1936",13000,1,58,36000,12,7,1,0,0,0,1
"1937",4151,1,30,36447,13,1,0,0,1,0,1
"1938",10999,1,39,27615,12,4,1,1,0,0,1
"1939",-1805,1,26,30720,16,1,0,0,1,0,0
"1940",24499,1,46,30396,12,3,1,1,0,1,1
"1941",4000,1,29,27000,12,1,0,0,1,0,0
"1942",1700,1,31,36000,12,5,1,0,0,0,1
"1943",481,1,29,27462,14,5,1,1,1,0,1
"1944",20700,1,26,31050,17,1,0,0,1,0,0
"1945",17250,1,38,26538,17,1,0,0,0,0,0
"1946",-4609,1,31,30636,18,4,1,0,0,1,1
"1947",-13517,1,52,31368,12,3,1,0,0,1,1
"1948",-3978,1,29,32244,14,1,0,0,0,0,0
"1949",-11199,1,40,33177,12,1,0,0,1,0,0
"1950",17460,1,50,34935,18,1,0,0,1,0,1
"1951",5640,1,47,31056,9,6,1,1,0,0,1
"1952",48330,1,57,35700,11,3,1,0,0,0,1
"1953",9400,1,46,36300,13,2,1,1,1,0,1
"1954",3600,1,58,33816,8,3,1,1,0,0,1
"1955",-20460,1,43,29703,16,1,0,0,0,0,1
"1956",125000,1,54,29040,14,1,0,0,0,0,0
"1957",-997,1,60,35676,13,4,1,1,0,0,1
"1958",6140,1,26,31470,14,4,1,0,0,1,1
"1959",-50,1,29,35706,12,5,1,1,1,0,0
"1960",42500,1,49,33840,12,2,0,0,1,1,1
"1961",-290,1,40,36195,16,4,1,1,0,0,1
"1962",7460,1,57,27036,13,1,0,0,1,0,0
"1963",-95,1,33,28713,11,2,0,0,0,0,1
"1964",200,1,49,36024,18,3,0,0,0,0,1
"1965",4615,1,34,28293,13,4,1,1,0,0,0
"1966",15599,1,31,31905,12,2,0,0,1,0,0
"1967",89509,1,57,28113,12,3,1,0,0,0,1
"1968",-8340,1,44,33645,18,1,0,0,1,0,1
"1969",-5520,1,42,27105,14,2,0,0,1,0,1
"1970",8591,1,41,26790,18,1,0,0,0,1,0
"1971",14099,1,54,28047,18,1,0,0,1,0,1
"1972",5248,1,46,33639,12,4,1,1,1,0,1
"1973",9700,1,33,27582,13,2,0,0,1,0,1
"1974",13560,1,36,34506,11,4,1,0,0,0,1
"1975",9500,1,29,32109,13,1,0,0,0,1,1
"1976",3150,1,32,28725,10,5,1,1,0,0,1
"1977",66484,1,50,32436,16,2,0,0,1,1,0
"1978",57185,1,53,29238,18,2,1,1,0,0,1
"1979",3429,1,28,29739,16,3,1,1,0,0,0
"1980",8000,1,34,28956,12,5,1,1,0,0,1
"1981",26900,1,44,27891,14,1,0,0,1,0,1
"1982",12700,1,31,31494,14,4,1,0,0,0,1
"1983",-310,1,31,29637,14,3,1,1,0,0,0
